帆立,1234,1234,0,名詞,一般,*,*,*,*,not,not,not
ホタテ,1234,1234,0,名詞,一般,*,*,*,*,not,not,not
ほたて,1234,1234,0,名詞,一般,*,*,*,*,not,not,not
餅米,1234,1234,0,名詞,一般,*,*,*,*,not,not,not
もち米,1234,1234,0,名詞,一般,*,*,*,*,not,not,not
オマール海老,1234,1234,0,名詞,一般,*,*,*,*,not,not,not
オマールエビ,1234,1234,0,名詞,一般,*,*,*,*,not,not,not
オマールえび,1234,1234,0,名詞,一般,*,*,*,*,not,not,not
もちもち,1234,1234,0,名詞,一般,*,*,*,*,not,not,not
コメ酢,1234,1234,0,名詞,一般,*,*,*,*,not,not,not
米酢,1234,1234,0,名詞,一般,*,*,*,*,not,not,not
火通り,1234,1234,0,名詞,一般,*,*,*,*,not,not,not
ケンサキイカ,1234,1234,0,名詞,一般,*,*,*,*,not,not,not
けんさきいか,1234,1234,0,名詞,一般,*,*,*,*,not,not,not
剣先烏賊,1234,1234,0,名詞,一般,*,*,*,*,not,not,not
剣先イカ,1234,1234,0,名詞,一般,*,*,*,*,not,not,not
九条ネギ,1234,1234,0,名詞,一般,*,*,*,*,not,not,not
黒ムツ,1234,1234,0,名詞,一般,*,*,*,*,not,not,not
クロムツ,1234,1234,0,名詞,一般,*,*,*,*,not,not,not
くろむつ,1234,1234,0,名詞,一般,*,*,*,*,not,not,not
シメサバ,1234,1234,0,名詞,一般,*,*,*,*,not,not,not
しめ鯖,1234,1234,0,名詞,一般,*,*,*,*,not,not,not
締め鯖,1234,1234,0,名詞,一般,*,*,*,*,not,not,not
エントランス,1234,1234,0,名詞,一般,*,*,*,*,not,not,not
インターコンチネンタル,1234,1234,0,名詞,一般,*,*,*,*,not,not,not
ジャンクション,1234,1234,0,名詞,一般,*,*,*,*,not,not,not
高級魚,1234,1234,0,名詞,一般,*,*,*,*,not,not,not
車えび,1234,1234,0,名詞,一般,*,*,*,*,not,not,not
フワッフワ,1234,1234,0,名詞,一般,*,*,*,*,not,not,not
ふわっふわ,1234,1234,0,名詞,一般,*,*,*,*,not,not,not
よろにく,1234,1234,0,名詞,一般,*,*,*,*,not,not,not
きた福,1234,1234,0,名詞,一般,*,*,*,*,not,not,not
フォトジェニック,1234,1234,0,名詞,一般,*,*,*,*,not,not,not
サイトウ,1234,1234,0,名詞,一般,*,*,*,*,not,not,not
しまだ鮨,1234,1234,0,名詞,一般,*,*,*,*,not,not,not
ボタン海老,1234,1234,0,名詞,一般,*,*,*,*,not,not,not
ボタンえび,1234,1234,0,名詞,一般,*,*,*,*,not,not,not
六本木,1234,1234,0,名詞,一般,*,*,*,*,not,not,not
マナガツオ,1234,1234,0,名詞,一般,*,*,*,*,not,not,not
まながつお,1234,1234,0,名詞,一般,*,*,*,*,not,not,not
とびこ,1234,1234,0,名詞,一般,*,*,*,*,not,not,not
ばらちらし,1234,1234,0,名詞,一般,*,*,*,*,not,not,not
バラちらし,1234,1234,0,名詞,一般,*,*,*,*,not,not,not
かわはぎ,1234,1234,0,名詞,一般,*,*,*,*,not,not,not
白海老,1234,1234,0,名詞,一般,*,*,*,*,not,not,not
白エビ,1234,1234,0,名詞,一般,*,*,*,*,not,not,not
金目鯛,1234,1234,0,名詞,一般,*,*,*,*,not,not,not
金目ダイ,1234,1234,0,名詞,一般,*,*,*,*,not,not,not
他店,1234,1234,0,名詞,一般,*,*,*,*,not,not,not
まぐろ,1234,1234,0,名詞,一般,*,*,*,*,not,not,not
縞鯵,1234,1234,0,名詞,一般,*,*,*,*,not,not,not
シマアジ,1234,1234,0,名詞,一般,*,*,*,*,not,not,not
しまあじ,1234,1234,0,名詞,一般,*,*,*,*,not,not,not
ときしらず,1234,1234,0,名詞,一般,*,*,*,*,not,not,not
ズワイガニ,1234,1234,0,名詞,一般,*,*,*,*,not,not,not
砂ズリ,1234,1234,0,名詞,一般,*,*,*,*,not,not,not
砂ずり,1234,1234,0,名詞,一般,*,*,*,*,not,not,not
すなずり,1234,1234,0,名詞,一般,*,*,*,*,not,not,not
ネコバス,1234,1234,0,名詞,一般,*,*,*,*,not,not,not
桜でんぶ,1234,1234,0,名詞,一般,*,*,*,*,not,not,not
さくらでんぶ,1234,1234,0,名詞,一般,*,*,*,*,not,not,not
ずわい蟹,1234,1234,0,名詞,一般,*,*,*,*,not,not,not
ズワイ蟹,1234,1234,0,名詞,一般,*,*,*,*,not,not,not
ずわいがに,1234,1234,0,名詞,一般,*,*,*,*,not,not,not
おはぎ,1234,1234,0,名詞,一般,*,*,*,*,not,not,not
湯霜仕立て,1234,1234,0,名詞,一般,*,*,*,*,not,not,not
湯霜造り,1234,1234,0,名詞,一般,*,*,*,*,not,not,not
昆布締め,1234,1234,0,名詞,一般,*,*,*,*,not,not,not
こぶじめ,1234,1234,0,名詞,一般,*,*,*,*,not,not,not
すし通,1234,1234,0,名詞,一般,*,*,*,*,not,not,not
寿司通,1234,1234,0,名詞,一般,*,*,*,*,not,not,not
鮨通,1234,1234,0,名詞,一般,*,*,*,*,not,not,not
麻布十番,1234,1234,0,名詞,一般,*,*,*,*,not,not,not
週刊誌,1234,1234,0,名詞,一般,*,*,*,*,not,not,not
長者番付,1234,1234,0,名詞,一般,*,*,*,*,not,not,not
文春砲,1234,1234,0,名詞,一般,*,*,*,*,not,not,not
宣伝費,1234,1234,0,名詞,一般,*,*,*,*,not,not,not
赤酢,1234,1234,0,名詞,一般,*,*,*,*,not,not,not
白酢,1234,1234,0,名詞,一般,*,*,*,*,not,not,not
職人芸,1234,1234,0,名詞,一般,*,*,*,*,not,not,not
薫香,1234,1234,0,名詞,一般,*,*,*,*,not,not,not
燻香,1234,1234,0,名詞,一般,*,*,*,*,not,not,not
つばめうお,1234,1234,0,名詞,一般,*,*,*,*,not,not,not
ツバメウオ,1234,1234,0,名詞,一般,*,*,*,*,not,not,not
てんじくだつ,1234,1234,0,名詞,一般,*,*,*,*,not,not,not
めいちだい,1234,1234,0,名詞,一般,*,*,*,*,not,not,not
メイチダイ,1234,1234,0,名詞,一般,*,*,*,*,not,not,not
赤むつ,1234,1234,0,名詞,一般,*,*,*,*,not,not,not
稲わら,1234,1234,0,名詞,一般,*,*,*,*,not,not,not
稲藁,1234,1234,0,名詞,一般,*,*,*,*,not,not,not
ふえだい,1234,1234,0,名詞,一般,*,*,*,*,not,not,not
目鯛,1234,1234,0,名詞,一般,*,*,*,*,not,not,not
石なぎ,1234,1234,0,名詞,一般,*,*,*,*,not,not,not
ゴマサバ,1234,1234,0,名詞,一般,*,*,*,*,not,not,not
すじこ,1234,1234,0,名詞,一般,*,*,*,*,not,not,not
筋子,1234,1234,0,名詞,一般,*,*,*,*,not,not,not
トロタク,1234,1234,0,名詞,一般,*,*,*,*,not,not,not
トロたく,1234,1234,0,名詞,一般,*,*,*,*,not,not,not
とろたく,1234,1234,0,名詞,一般,*,*,*,*,not,not,not
料理長,1234,1234,0,名詞,一般,*,*,*,*,not,not,not
佐渡島,1234,1234,0,名詞,一般,*,*,*,*,not,not,not
浪人鯵,1234,1234,0,名詞,一般,*,*,*,*,not,not,not
ロウニンアジ,1234,1234,0,名詞,一般,*,*,*,*,not,not,not
とり貝,1234,1234,0,名詞,一般,*,*,*,*,not,not,not
鳥貝,1234,1234,0,名詞,一般,*,*,*,*,not,not,not
トリガイ,1234,1234,0,名詞,一般,*,*,*,*,not,not,not
姫鯛,1234,1234,0,名詞,一般,*,*,*,*,not,not,not
ヒメダイ,1234,1234,0,名詞,一般,*,*,*,*,not,not,not
ひめだい,1234,1234,0,名詞,一般,*,*,*,*,not,not,not
ミンク鯨,1234,1234,0,名詞,一般,*,*,*,*,not,not,not
ミンククジラ,1234,1234,0,名詞,一般,*,*,*,*,not,not,not
胡麻鯖,1234,1234,0,名詞,一般,*,*,*,*,not,not,not
白甘鯛,1234,1234,0,名詞,一般,*,*,*,*,not,not,not
シロアマダイ,1234,1234,0,名詞,一般,*,*,*,*,not,not,not
ネギトロ,1234,1234,0,名詞,一般,*,*,*,*,not,not,not
キャラメルアイス,1234,1234,0,名詞,一般,*,*,*,*,not,not,not
蛸卵漬け,1234,1234,0,名詞,一般,*,*,*,*,not,not,not
ぬぬけ,1234,1234,0,名詞,一般,*,*,*,*,not,not,not
稲藁,1234,1234,0,名詞,一般,*,*,*,*,not,not,not
根室,1234,1234,0,名詞,一般,*,*,*,*,not,not,not
香りつけ,1234,1234,0,名詞,一般,*,*,*,*,not,not,not
やなぎたこ,1234,1234,0,名詞,一般,*,*,*,*,not,not,not
ヤナギタコ,1234,1234,0,名詞,一般,*,*,*,*,not,not,not
赤雲丹,1234,1234,0,名詞,一般,*,*,*,*,not,not,not
赤海胆,1234,1234,0,名詞,一般,*,*,*,*,not,not,not
アカウニ,1234,1234,0,名詞,一般,*,*,*,*,not,not,not
キタムラサキウニ,1234,1234,0,名詞,一般,*,*,*,*,not,not,not
真つぶ貝,1234,1234,0,名詞,一般,*,*,*,*,not,not,not
まつぶ貝,1234,1234,0,名詞,一般,*,*,*,*,not,not,not
くろむつ,1234,1234,0,名詞,一般,*,*,*,*,not,not,not
クロムツ,1234,1234,0,名詞,一般,*,*,*,*,not,not,not
黒ムツ,1234,1234,0,名詞,一般,*,*,*,*,not,not,not
メヒカリ,1234,1234,0,名詞,一般,*,*,*,*,not,not,not
甘エビ,1234,1234,0,名詞,一般,*,*,*,*,not,not,not
甘えび,1234,1234,0,名詞,一般,*,*,*,*,not,not,not
甘海老,1234,1234,0,名詞,一般,*,*,*,*,not,not,not
本まぐろ,1234,1234,0,名詞,一般,*,*,*,*,not,not,not
本マグロ,1234,1234,0,名詞,一般,*,*,*,*,not,not,not
大トロ,1234,1234,0,名詞,一般,*,*,*,*,not,not,not
なめろう,1234,1234,0,名詞,一般,*,*,*,*,not,not,not
すみいか,1234,1234,0,名詞,一般,*,*,*,*,not,not,not
すみイカ,1234,1234,0,名詞,一般,*,*,*,*,not,not,not
スミイカ,1234,1234,0,名詞,一般,*,*,*,*,not,not,not
実かけ,1234,1234,0,名詞,一般,*,*,*,*,not,not,not
隠し包丁,1234,1234,0,名詞,一般,*,*,*,*,not,not,not
飯屋,1234,1234,0,名詞,一般,*,*,*,*,not,not,not
オニオンソテー,1234,1234,0,名詞,一般,*,*,*,*,not,not,not
白子和え,1234,1234,0,名詞,一般,*,*,*,*,not,not,not
猫バス,1234,1234,0,名詞,一般,*,*,*,*,not,not,not
ねこバス,1234,1234,0,名詞,一般,*,*,*,*,not,not,not
お好み,1234,1234,0,名詞,一般,*,*,*,*,not,not,not
西洋人,1234,1234,0,名詞,一般,*,*,*,*,not,not,not
新物,1234,1234,0,名詞,一般,*,*,*,*,not,not,not
土佐煮,1234,1234,0,名詞,一般,*,*,*,*,not,not,not
腹身,1234,1234,0,名詞,一般,*,*,*,*,not,not,not
はらみ,1234,1234,0,名詞,一般,*,*,*,*,not,not,not
さわら,1234,1234,0,名詞,一般,*,*,*,*,not,not,not
袖庵焼き,1234,1234,0,名詞,一般,*,*,*,*,not,not,not
アオリいか,1234,1234,0,名詞,一般,*,*,*,*,not,not,not
アオリイカ,1234,1234,0,名詞,一般,*,*,*,*,not,not,not
泥障イカ,1234,1234,0,名詞,一般,*,*,*,*,not,not,not
泥障烏賊,1234,1234,0,名詞,一般,*,*,*,*,not,not,not
メジマグロ,1234,1234,0,名詞,一般,*,*,*,*,not,not,not
めじまぐろ,1234,1234,0,名詞,一般,*,*,*,*,not,not,not
めじマグロ,1234,1234,0,名詞,一般,*,*,*,*,not,not,not
中トロ,1234,1234,0,名詞,一般,*,*,*,*,not,not,not
大トロ,1234,1234,0,名詞,一般,*,*,*,*,not,not,not
玉子焼き,1234,1234,0,名詞,一般,*,*,*,*,not,not,not
干瓢巻き,1234,1234,0,名詞,一般,*,*,*,*,not,not,not
かんぴょう巻き,1234,1234,0,名詞,一般,*,*,*,*,not,not,not
ざぎん,1234,1234,0,名詞,一般,*,*,*,*,not,not,not
ザギン,1234,1234,0,名詞,一般,*,*,*,*,not,not,not
シースー,1234,1234,0,名詞,一般,*,*,*,*,not,not,not
しーすー,1234,1234,0,名詞,一般,*,*,*,*,not,not,not
オートロック,1234,1234,0,名詞,一般,*,*,*,*,not,not,not
鮨一,1234,1234,0,名詞,一般,*,*,*,*,not,not,not
ワールドワイド,1234,1234,0,名詞,一般,*,*,*,*,not,not,not
日本酒,1234,1234,0,名詞,一般,*,*,*,*,not,not,not
かぶら蒸し,1234,1234,0,名詞,一般,*,*,*,*,not,not,not
カワハギ,1234,1234,0,名詞,一般,*,*,*,*,not,not,not
酒盗,1234,1234,0,名詞,一般,*,*,*,*,not,not,not
ノドグロ,1234,1234,0,名詞,一般,*,*,*,*,not,not,not
喉黒,1234,1234,0,名詞,一般,*,*,*,*,not,not,not
かっぱ巻き,1234,1234,0,名詞,一般,*,*,*,*,not,not,not
かっぱまき,1234,1234,0,名詞,一般,*,*,*,*,not,not,not
無形文化遺産,1234,1234,0,名詞,一般,*,*,*,*,not,not,not
桶長,1234,1234,0,名詞,一般,*,*,*,*,not,not,not
酒蒸し,1234,1234,0,名詞,一般,*,*,*,*,not,not,not
蕪蒸し,1234,1234,0,名詞,一般,*,*,*,*,not,not,not
摺流し,1234,1234,0,名詞,一般,*,*,*,*,not,not,not
すり流し,1234,1234,0,名詞,一般,*,*,*,*,not,not,not
あんきも,1234,1234,0,名詞,一般,*,*,*,*,not,not,not
あん肝,1234,1234,0,名詞,一般,*,*,*,*,not,not,not
カマス,1234,1234,0,名詞,一般,*,*,*,*,not,not,not
桜煮,1234,1234,0,名詞,一般,*,*,*,*,not,not,not
戻り鰹,1234,1234,0,名詞,一般,*,*,*,*,not,not,not
戻りがつお,1234,1234,0,名詞,一般,*,*,*,*,not,not,not
戻りガツオ,1234,1234,0,名詞,一般,*,*,*,*,not,not,not
シマアジ,1234,1234,0,名詞,一般,*,*,*,*,not,not,not
さいまき海老,1234,1234,0,名詞,一般,*,*,*,*,not,not,not
さいまきエビ,1234,1234,0,名詞,一般,*,*,*,*,not,not,not
さいまきえび,1234,1234,0,名詞,一般,*,*,*,*,not,not,not
サイマキエビ,1234,1234,0,名詞,一般,*,*,*,*,not,not,not
サイマキ海老,1234,1234,0,名詞,一般,*,*,*,*,not,not,not
サイマキえび,1234,1234,0,名詞,一般,*,*,*,*,not,not,not
摺り下ろし,1234,1234,0,名詞,一般,*,*,*,*,not,not,not
すり下ろし,1234,1234,0,名詞,一般,*,*,*,*,not,not,not
縞鯵,1234,1234,0,名詞,一般,*,*,*,*,not,not,not
紫ウニ,1234,1234,0,名詞,一般,*,*,*,*,not,not,not
むらさきウニ,1234,1234,0,名詞,一般,*,*,*,*,not,not,not
紫雲丹,1234,1234,0,名詞,一般,*,*,*,*,not,not,not
むらさき海胆,1234,1234,0,名詞,一般,*,*,*,*,not,not,not
紫海胆,1234,1234,0,名詞,一般,*,*,*,*,not,not,not
ムラサキウニ,1234,1234,0,名詞,一般,*,*,*,*,not,not,not
ムラサキうに,1234,1234,0,名詞,一般,*,*,*,*,not,not,not
ムラサキ雲丹,1234,1234,0,名詞,一般,*,*,*,*,not,not,not
ムラサキ海胆,1234,1234,0,名詞,一般,*,*,*,*,not,not,not
むらさき雲丹,1234,1234,0,名詞,一般,*,*,*,*,not,not,not
むらさきうに,1234,1234,0,名詞,一般,*,*,*,*,not,not,not
炊き具合,1234,1234,0,名詞,一般,*,*,*,*,not,not,not
漬けマグロ,1234,1234,0,名詞,一般,*,*,*,*,not,not,not
カスゴ鯛,1234,1234,0,名詞,一般,*,*,*,*,not,not,not
きんき,1234,1234,0,名詞,一般,*,*,*,*,not,not,not
だるまイカ,1234,1234,0,名詞,一般,*,*,*,*,not,not,not
玉締め,1234,1234,0,名詞,一般,*,*,*,*,not,not,not
つくね芋,1234,1234,0,名詞,一般,*,*,*,*,not,not,not
煮切り,1234,1234,0,名詞,一般,*,*,*,*,not,not,not
煮キリ,1234,1234,0,名詞,一般,*,*,*,*,not,not,not
酢味噌,1234,1234,0,名詞,一般,*,*,*,*,not,not,not
かねさか,1234,1234,0,名詞,一般,*,*,*,*,not,not,not
初音鮨,1234,1234,0,名詞,一般,*,*,*,*,not,not,not
大七福島,1234,1234,0,名詞,一般,*,*,*,*,not,not,not
とり貝,1234,1234,0,名詞,一般,*,*,*,*,not,not,not
鉄火巻き,1234,1234,0,名詞,一般,*,*,*,*,not,not,not
エントランス,1234,1234,0,名詞,一般,*,*,*,*,not,not,not
白酢,1234,1234,0,名詞,一般,*,*,*,*,not,not,not
佳店,1234,1234,0,名詞,一般,*,*,*,*,not,not,not
鮨さがね,1234,1234,0,名詞,一般,*,*,*,*,not,not,not
インターフォン,1234,1234,0,名詞,一般,*,*,*,*,not,not,not
酢飯,1234,1234,0,名詞,一般,*,*,*,*,not,not,not
ミルガイ,1234,1234,0,名詞,一般,*,*,*,*,not,not,not
ミル貝,1234,1234,0,名詞,一般,*,*,*,*,not,not,not
黒胡麻,1234,1234,0,名詞,一般,*,*,*,*,not,not,not
グラスシャンパン,1234,1234,0,名詞,一般,*,*,*,*,not,not,not
鍋島,1234,1234,0,名詞,一般,*,*,*,*,not,not,not
黒アワビ,1234,1234,0,名詞,一般,*,*,*,*,not,not,not
黒鮑,1234,1234,0,名詞,一般,*,*,*,*,not,not,not
晩御飯,1234,1234,0,名詞,一般,*,*,*,*,not,not,not
かぶら蒸し,1234,1234,0,名詞,一般,*,*,*,*,not,not,not
堀北真希,1234,1234,0,名詞,一般,*,*,*,*,not,not,not
食べログ,1234,1234,0,名詞,一般,*,*,*,*,not,not,not
八幡巻き,1234,1234,0,名詞,一般,*,*,*,*,not,not,not
フックラ,1234,1234,0,名詞,一般,*,*,*,*,not,not,not
ほたるいか,1234,1234,0,名詞,一般,*,*,*,*,not,not,not
蟹しんじょう,1234,1234,0,名詞,一般,*,*,*,*,not,not,not
カニしんじょう,1234,1234,0,名詞,一般,*,*,*,*,not,not,not
矢張り,1234,1234,0,名詞,一般,*,*,*,*,not,not,not
すみイカ,1234,1234,0,名詞,一般,*,*,*,*,not,not,not
すみいか,1234,1234,0,名詞,一般,*,*,*,*,not,not,not
車エビ,1234,1234,0,名詞,一般,*,*,*,*,not,not,not
車海老,1234,1234,0,名詞,一般,*,*,*,*,not,not,not
クルマエビ,1234,1234,0,名詞,一般,*,*,*,*,not,not,not
水なす,1234,1234,0,名詞,一般,*,*,*,*,not,not,not
水茄子,1234,1234,0,名詞,一般,*,*,*,*,not,not,not
水ナス,1234,1234,0,名詞,一般,*,*,*,*,not,not,not
剣先いか,1234,1234,0,名詞,一般,*,*,*,*,not,not,not
剣先イカ,1234,1234,0,名詞,一般,*,*,*,*,not,not,not
剣先烏賊,1234,1234,0,名詞,一般,*,*,*,*,not,not,not
ケンサキイカ,1234,1234,0,名詞,一般,*,*,*,*,not,not,not
印籠詰,1234,1234,0,名詞,一般,*,*,*,*,not,not,not
印籠詰め,1234,1234,0,名詞,一般,*,*,*,*,not,not,not
ワラ焼き,1234,1234,0,名詞,一般,*,*,*,*,not,not,not
藁焼き,1234,1234,0,名詞,一般,*,*,*,*,not,not,not
赤海胆,1234,1234,0,名詞,一般,*,*,*,*,not,not,not
赤ウニ,1234,1234,0,名詞,一般,*,*,*,*,not,not,not
赤雲丹,1234,1234,0,名詞,一般,*,*,*,*,not,not,not
アカウニ,1234,1234,0,名詞,一般,*,*,*,*,not,not,not
駄々茶豆,1234,1234,0,名詞,一般,*,*,*,*,not,not,not
だだ茶豆,1234,1234,0,名詞,一般,*,*,*,*,not,not,not
食感,1234,1234,0,名詞,一般,*,*,*,*,not,not,not
くちこ,1234,1234,0,名詞,一般,*,*,*,*,not,not,not
ひもきゅう,1234,1234,0,名詞,一般,*,*,*,*,not,not,not
馬糞海胆,1234,1234,0,名詞,一般,*,*,*,*,not,not,not
馬糞ウニ,1234,1234,0,名詞,一般,*,*,*,*,not,not,not
馬糞雲丹,1234,1234,0,名詞,一般,*,*,*,*,not,not,not
カマトロ,1234,1234,0,名詞,一般,*,*,*,*,not,not,not
バフンウニ,1234,1234,0,名詞,一般,*,*,*,*,not,not,not
蝦夷アワビ,1234,1234,0,名詞,一般,*,*,*,*,not,not,not
蝦夷鮑,1234,1234,0,名詞,一般,*,*,*,*,not,not,not
コハダ,1234,1234,0,名詞,一般,*,*,*,*,not,not,not
小肌,1234,1234,0,名詞,一般,*,*,*,*,not,not,not
純米,1234,1234,0,名詞,一般,*,*,*,*,not,not,not
マイクロトマト,1234,1234,0,名詞,一般,*,*,*,*,not,not,not
蔵心,1234,1234,0,名詞,一般,*,*,*,*,not,not,not
伯楽星,1234,1234,0,名詞,一般,*,*,*,*,not,not,not
純吟,1234,1234,0,名詞,一般,*,*,*,*,not,not,not
トロ巻き,1234,1234,0,名詞,一般,*,*,*,*,not,not,not
日本酒,1234,1234,0,名詞,一般,*,*,*,*,not,not,not
トラフグ,1234,1234,0,名詞,一般,*,*,*,*,not,not,not
白ワイン,1234,1234,0,名詞,一般,*,*,*,*,not,not,not
赤ワイン,1234,1234,0,名詞,一般,*,*,*,*,not,not,not
カニ味噌,1234,1234,0,名詞,一般,*,*,*,*,not,not,not
カニみそ,1234,1234,0,名詞,一般,*,*,*,*,not,not,not
はまぐり,1234,1234,0,名詞,一般,*,*,*,*,not,not,not
さいとう,1234,1234,0,名詞,一般,*,*,*,*,not,not,not
しんいか,1234,1234,0,名詞,一般,*,*,*,*,not,not,not
油揚げ,1234,1234,0,名詞,一般,*,*,*,*,not,not,not
油あげ,1234,1234,0,名詞,一般,*,*,*,*,not,not,not
おこげ,1234,1234,0,名詞,一般,*,*,*,*,not,not,not
赤貝,1234,1234,0,名詞,一般,*,*,*,*,not,not,not
白シャリ,1234,1234,0,名詞,一般,*,*,*,*,not,not,not
赤シャリ,1234,1234,0,名詞,一般,*,*,*,*,not,not,not
白しゃり,1234,1234,0,名詞,一般,*,*,*,*,not,not,not
赤しゃり,1234,1234,0,名詞,一般,*,*,*,*,not,not,not
大とろ,1234,1234,0,名詞,一般,*,*,*,*,not,not,not
中とろ,1234,1234,0,名詞,一般,*,*,*,*,not,not,not
酢じめ,1234,1234,0,名詞,一般,*,*,*,*,not,not,not
酢締め,1234,1234,0,名詞,一般,*,*,*,*,not,not,not
青森産,1234,1234,0,名詞,一般,*,*,*,*,not,not,not
山口仙崎産,1234,1234,0,名詞,一般,*,*,*,*,not,not,not
神奈川佐島産,1234,1234,0,名詞,一般,*,*,*,*,not,not,not
三陸沖産,1234,1234,0,名詞,一般,*,*,*,*,not,not,not
三陸産,1234,1234,0,名詞,一般,*,*,*,*,not,not,not
千葉銚子産,1234,1234,0,名詞,一般,*,*,*,*,not,not,not
東京湾産,1234,1234,0,名詞,一般,*,*,*,*,not,not,not
八幡浜産,1234,1234,0,名詞,一般,*,*,*,*,not,not,not
宮崎日向灘産,1234,1234,0,名詞,一般,*,*,*,*,not,not,not
銚子産,1234,1234,0,名詞,一般,*,*,*,*,not,not,not
佐島産,1234,1234,0,名詞,一般,*,*,*,*,not,not,not
仙崎産,1234,1234,0,名詞,一般,*,*,*,*,not,not,not
宮崎産,1234,1234,0,名詞,一般,*,*,*,*,not,not,not
能登産,1234,1234,0,名詞,一般,*,*,*,*,not,not,not
舞鶴産,1234,1234,0,名詞,一般,*,*,*,*,not,not,not
九州産,1234,1234,0,名詞,一般,*,*,*,*,not,not,not
淡路島産,1234,1234,0,名詞,一般,*,*,*,*,not,not,not
大分産,1234,1234,0,名詞,一般,*,*,*,*,not,not,not
昆布森産,1234,1234,0,名詞,一般,*,*,*,*,not,not,not
八幡産,1234,1234,0,名詞,一般,*,*,*,*,not,not,not
津島産,1234,1234,0,名詞,一般,*,*,*,*,not,not,not
海外産,1234,1234,0,名詞,一般,*,*,*,*,not,not,not
唐津産,1234,1234,0,名詞,一般,*,*,*,*,not,not,not
穴道湖産,1234,1234,0,名詞,一般,*,*,*,*,not,not,not
琵琶湖産,1234,1234,0,名詞,一般,*,*,*,*,not,not,not
すきやばし次郎,1234,1234,0,名詞,一般,*,*,*,*,not,not,not
すきやばし二郎,1234,1234,0,名詞,一般,*,*,*,*,not,not,not
蒸し鮑,1234,1234,0,名詞,一般,*,*,*,*,not,not,not
握り,1234,1234,0,名詞,一般,*,*,*,*,not,not,not
焼き蛤,1234,1234,0,名詞,一般,*,*,*,*,not,not,not
ブレンド米,1234,1234,0,名詞,一般,*,*,*,*,not,not,not
つまみ,1234,1234,0,名詞,一般,*,*,*,*,not,not,not
強め,1234,1234,0,名詞,一般,*,*,*,*,not,not,not
はるたか,1234,1234,0,名詞,一般,*,*,*,*,not,not,not
一粒,1234,1234,0,名詞,一般,*,*,*,*,not,not,not
ひと粒一粒,1234,1234,0,名詞,一般,*,*,*,*,not,not,not
かすご,1234,1234,0,名詞,一般,*,*,*,*,not,not,not
カスゴ,1234,1234,0,名詞,一般,*,*,*,*,not,not,not
春子鯛,1234,1234,0,名詞,一般,*,*,*,*,not,not,not
かすご鯛,1234,1234,0,名詞,一般,*,*,*,*,not,not,not
カスゴダイ,1234,1234,0,名詞,一般,*,*,*,*,not,not,not
カスゴ鯛,1234,1234,0,名詞,一般,*,*,*,*,not,not,not
白烏賊,1234,1234,0,名詞,一般,*,*,*,*,not,not,not
白いか,1234,1234,0,名詞,一般,*,*,*,*,not,not,not
白イカ,1234,1234,0,名詞,一般,*,*,*,*,not,not,not
雑味,1234,1234,0,名詞,一般,*,*,*,*,not,not,not
垢穢,1234,1234,0,名詞,一般,*,*,*,*,not,not,not
稚鮎,1234,1234,0,名詞,一般,*,*,*,*,not,not,not
ウニ海苔巻き,1234,1234,0,名詞,一般,*,*,*,*,not,not,not
うに海苔巻き,1234,1234,0,名詞,一般,*,*,*,*,not,not,not
うにのりまき,1234,1234,0,名詞,一般,*,*,*,*,not,not,not
ウニのりまき,1234,1234,0,名詞,一般,*,*,*,*,not,not,not
雲丹海苔巻き,1234,1234,0,名詞,一般,*,*,*,*,not,not,not
海胆海苔巻き,1234,1234,0,名詞,一般,*,*,*,*,not,not,not
雲丹のりまき,1234,1234,0,名詞,一般,*,*,*,*,not,not,not
海胆のりまき,1234,1234,0,名詞,一般,*,*,*,*,not,not,not
ウニ海苔巻,1234,1234,0,名詞,一般,*,*,*,*,not,not,not
うに海苔巻,1234,1234,0,名詞,一般,*,*,*,*,not,not,not
雲丹海苔巻,1234,1234,0,名詞,一般,*,*,*,*,not,not,not
海胆海苔巻,1234,1234,0,名詞,一般,*,*,*,*,not,not,not
細魚,1234,1234,0,名詞,一般,*,*,*,*,not,not,not
さより,1234,1234,0,名詞,一般,*,*,*,*,not,not,not
利き,1234,1234,0,名詞,一般,*,*,*,*,not,not,not
大満足,1234,1234,0,名詞,一般,*,*,*,*,not,not,not
大失敗,1234,1234,0,名詞,一般,*,*,*,*,not,not,not
湯引き,1234,1234,0,名詞,一般,*,*,*,*,not,not,not
鮟肝,1234,1234,0,名詞,一般,*,*,*,*,not,not,not
芝海老,1234,1234,0,名詞,一般,*,*,*,*,not,not,not
玉芝海老,1234,1234,0,名詞,一般,*,*,*,*,not,not,not
コドリー街,1234,1234,0,名詞,一般,*,*,*,*,not,not,not
番手,1234,1234,0,名詞,一般,*,*,*,*,not,not,not
隠し包丁,1234,1234,0,名詞,一般,*,*,*,*,not,not,not
かくし包丁,1234,1234,0,名詞,一般,*,*,*,*,not,not,not
包丁捌き,1234,1234,0,名詞,一般,*,*,*,*,not,not,not
包丁さばき,1234,1234,0,名詞,一般,*,*,*,*,not,not,not
とろたく,1234,1234,0,名詞,一般,*,*,*,*,not,not,not
繊維質,1234,1234,0,名詞,一般,*,*,*,*,not,not,not
ゼラチン質,1234,1234,0,名詞,一般,*,*,*,*,not,not,not
鮃,1234,1234,0,名詞,一般,*,*,*,*,not,not,not
鱈焼き,1234,1234,0,名詞,一般,*,*,*,*,not,not,not
味噌焼き,1234,1234,0,名詞,一般,*,*,*,*,not,not,not
焼き加減,1234,1234,0,名詞,一般,*,*,*,*,not,not,not
かぶのすり流し,1234,1234,0,名詞,一般,*,*,*,*,not,not,not
かぶの摺流し,1234,1234,0,名詞,一般,*,*,*,*,not,not,not
カブのすり流し,1234,1234,0,名詞,一般,*,*,*,*,not,not,not
カブの摺流し,1234,1234,0,名詞,一般,*,*,*,*,not,not,not
小椀,1234,1234,0,名詞,一般,*,*,*,*,not,not,not
お椀,1234,1234,0,名詞,一般,*,*,*,*,not,not,not
金目みぞれ椀,1234,1234,0,名詞,一般,*,*,*,*,not,not,not
金目霙椀,1234,1234,0,名詞,一般,*,*,*,*,not,not,not
金目,1234,1234,0,名詞,一般,*,*,*,*,not,not,not
骨湯,1234,1234,0,名詞,一般,*,*,*,*,not,not,not
バフン海胆,1234,1234,0,名詞,一般,*,*,*,*,not,not,not
バフン雲丹,1234,1234,0,名詞,一般,*,*,*,*,not,not,not
バフンうに,1234,1234,0,名詞,一般,*,*,*,*,not,not,not
紐胡瓜,1234,1234,0,名詞,一般,*,*,*,*,not,not,not
紐胡瓜巻き,1234,1234,0,名詞,一般,*,*,*,*,not,not,not
泥障烏賊,1234,1234,0,名詞,一般,*,*,*,*,not,not,not
昆布〆,1234,1234,0,名詞,一般,*,*,*,*,not,not,not
昆布包み,1234,1234,0,名詞,一般,*,*,*,*,not,not,not
昆布つつみ,1234,1234,0,名詞,一般,*,*,*,*,not,not,not
昆布じめ,1234,1234,0,名詞,一般,*,*,*,*,not,not,not
塩じめ,1234,1234,0,名詞,一般,*,*,*,*,not,not,not
塩締め,1234,1234,0,名詞,一般,*,*,*,*,not,not,not
塩〆,1234,1234,0,名詞,一般,*,*,*,*,not,not,not
牡丹海老,1234,1234,0,名詞,一般,*,*,*,*,not,not,not
江戸前酢,1234,1234,0,名詞,一般,*,*,*,*,not,not,not
酢じめ,1234,1234,0,名詞,一般,*,*,*,*,not,not,not
酢〆,1234,1234,0,名詞,一般,*,*,*,*,not,not,not
カツオのたたき,1234,1234,0,名詞,一般,*,*,*,*,not,not,not
鰹のたたき,1234,1234,0,名詞,一般,*,*,*,*,not,not,not
かつおのたたき,1234,1234,0,名詞,一般,*,*,*,*,not,not,not
アワビの肝,1234,1234,0,名詞,一般,*,*,*,*,not,not,not
鮑の肝,1234,1234,0,名詞,一般,*,*,*,*,not,not,not
カワハギの肝,1234,1234,0,名詞,一般,*,*,*,*,not,not,not
かわはぎの肝,1234,1234,0,名詞,一般,*,*,*,*,not,not,not
皮剥の肝,1234,1234,0,名詞,一般,*,*,*,*,not,not,not
肝醤油,1234,1234,0,名詞,一般,*,*,*,*,not,not,not
肝しょうゆ,1234,1234,0,名詞,一般,*,*,*,*,not,not,not
漬けまぐろ,1234,1234,0,名詞,一般,*,*,*,*,not,not,not
漬け鮪,1234,1234,0,名詞,一般,*,*,*,*,not,not,not
鮪漬け,1234,1234,0,名詞,一般,*,*,*,*,not,not,not
まぐろ漬け,1234,1234,0,名詞,一般,*,*,*,*,not,not,not
マグロ漬け,1234,1234,0,名詞,一般,*,*,*,*,not,not,not
鰹漬け,1234,1234,0,名詞,一般,*,*,*,*,not,not,not
かつお漬け,1234,1234,0,名詞,一般,*,*,*,*,not,not,not
カツオ漬け,1234,1234,0,名詞,一般,*,*,*,*,not,not,not
カツオ赤身漬け,1234,1234,0,名詞,一般,*,*,*,*,not,not,not
鰹赤身漬け,1234,1234,0,名詞,一般,*,*,*,*,not,not,not
かつお赤身漬け,1234,1234,0,名詞,一般,*,*,*,*,not,not,not
丸漬け,1234,1234,0,名詞,一般,*,*,*,*,not,not,not
せいこ蟹,1234,1234,0,名詞,一般,*,*,*,*,not,not,not
せこ蟹,1234,1234,0,名詞,一般,*,*,*,*,not,not,not
香箱蟹,1234,1234,0,名詞,一般,*,*,*,*,not,not,not
黒龍,1234,1234,0,名詞,一般,*,*,*,*,not,not,not
のど黒,1234,1234,0,名詞,一般,*,*,*,*,not,not,not
蒸し黒鮑,1234,1234,0,名詞,一般,*,*,*,*,not,not,not
蒸し黒アワビ,1234,1234,0,名詞,一般,*,*,*,*,not,not,not
むし黒あわび,1234,1234,0,名詞,一般,*,*,*,*,not,not,not
蒸しクロアワビ,1234,1234,0,名詞,一般,*,*,*,*,not,not,not
スッポン茶碗蒸し,1234,1234,0,名詞,一般,*,*,*,*,not,not,not
すっぽん茶碗蒸し,1234,1234,0,名詞,一般,*,*,*,*,not,not,not
蒸しアワビ,1234,1234,0,名詞,一般,*,*,*,*,not,not,not
蒸し鮑,1234,1234,0,名詞,一般,*,*,*,*,not,not,not
蒸しあわび,1234,1234,0,名詞,一般,*,*,*,*,not,not,not
棒生姜,1234,1234,0,名詞,一般,*,*,*,*,not,not,not
棒しょうが,1234,1234,0,名詞,一般,*,*,*,*,not,not,not
さば棒鮨,1234,1234,0,名詞,一般,*,*,*,*,not,not,not
鯖棒鮨,1234,1234,0,名詞,一般,*,*,*,*,not,not,not
さわら棒鮨,1234,1234,0,名詞,一般,*,*,*,*,not,not,not
鰆棒鮨,1234,1234,0,名詞,一般,*,*,*,*,not,not,not
カマスの棒鮨,1234,1234,0,名詞,一般,*,*,*,*,not,not,not
かますの棒鮨,1234,1234,0,名詞,一般,*,*,*,*,not,not,not
ぽん酢,1234,1234,0,名詞,一般,*,*,*,*,not,not,not
ツブ貝,1234,1234,0,名詞,一般,*,*,*,*,not,not,not
粒貝,1234,1234,0,名詞,一般,*,*,*,*,not,not,not
つぶ貝,1234,1234,0,名詞,一般,*,*,*,*,not,not,not
まつぶ貝,1234,1234,0,名詞,一般,*,*,*,*,not,not,not
真粒貝,1234,1234,0,名詞,一般,*,*,*,*,not,not,not
高評価,1234,1234,0,名詞,一般,*,*,*,*,not,not,not
