頻出単語,出現回数
です,361
ない,266
ます,257
まし,205
トロ,168
から,160
握り,152
いる,132
ある,128
さん,125
シャリ,116
食べ,109
さわ,104
ので,103
もの,102
でし,100
この,100
こと,89
ネタ,89
よう,84
する,78
あり,76
感じ,71
寿司,71
穴子,70
炙り,68
澤田,68
これ,66
その,66
雲丹,65
軍艦,63
だけ,62
そう,60
なく,59
美味しい,57
時間,57
銀座,57
という,57
でも,56
たい,56
車海老,53
なっ,51
それ,51
赤身,50
つまみ,50
まで,50
なる,50
赤貝,49
思い,49
いい,49
ませ,48
香り,48
のみ,46
予約,46
られ,46
また,45
熟成,45
好き,43
なら,42
ここ,41
ウニ,40
旨味,40
ほど,40
など,40
烏賊,40
最高,38
好み,38
昆布,37
マグロ,37
印籠,37
巻き,37
あっ,37
れる,37
そして,36
とても,36
印象,36
しっかり,36
だっ,36
より,35
主人,35
訪問,34
おり,34
玉子,33
良い,33
カウンター,33
くれ,33
思う,33
大将,32
お昼,32
仕事,32
いくら,31
かなり,30
かも,30
海胆,30
たら,29
漬け,29
思っ,29
馬糞,29
でしょ,29
くらい,29
自分,28
トマト,28
蒸し,27
海苔,27
旨い,27
強い,27
店主,27
少し,27
高い,26
コース,26
墨烏賊,26
雰囲気,26
満足,25
値段,25
特に,25
ツメ,24
伺い,24
うに,24
けど,24
舎利,24
貫目,24
なり,23
締め,23
素晴らしい,23
カツオ,23
美味しかっ,23
ながら,23
よく,23
マイクロ,23
だろ,23
なかっ,23
江戸前,22
いただき,22
として,22
バランス,22
こちら,22
本当に,21
焼き,21
もう,21
甘み,21
電話,21
でき,21
くる,20
行っ,20
大間,20
入れ,20
店内,20
燻し,20
しまっ,20
唐津,19
てる,19
みる,19
大き,19
握っ,19
しれ,19
一つ,19
最後,19
しか,18
追加,18
詰め,18
お茶,18
くれる,18
良く,18
たり,18
濃厚,18
料理,18
ところ,18
緊張,18
美味しく,17
たく,17
イカ,17
凄い,17
感じる,17
全て,17
おまかせ,17
写真,17
そんな,17
ランチ,17
お客,17
鬼灯,17
なし,17
すぎ,17
アジ,16
蛇腹,16
初めて,16
今日,16
イクラ,16
しまう,16
入っ,16
今回,16
いく,16
評価,16
良かっ,16
以上,16
しまい,16
東京,16
行く,16
しかし,16
最初,15
記憶,15
個人,15
いき,15
ちょっと,15
ばかり,15
確か,15
具合,15
つけ,15
どれ,15
スタート,15
行き,14
素材,14
やはり,14
言う,14
小柱,14
出し,14
レベル,14
コハダ,14
酸味,14
とか,14
山葵,14
できる,14
ビル,14
られる,14
言わ,14
種類,14
無い,14
多い,14
もちろん,13
スタイル,13
寝かせ,13
撮影,13
炭火,13
過ぎ,13
残っ,13
見事,13
わさび,13
いう,13
ただ,13
再訪,13
出来,13
白身,13
聞か,13
相性,13
ねっとり,13
サイズ,12
あまり,12
使わ,12
濃い,12
季節,12
感動,12
一番,12
贅沢,12
強く,12
美味い,12
期待,12
美しい,12
週間,12
せる,12
いっぱい,12
禁止,12
提供,12
特大,12
じゃ,12
こだわり,12
あと,12
時期,11
シマ,11
使用,11
美味し,11
エビ,11
いつも,11
不思議,11
なんて,11
いただい,11
ミル,11
カマ,11
ほおずき,11
親方,11
なかなか,11
握る,11
以前,11
炙っ,11
平目,11
抜群,11
頂き,11
大好き,11
蝦蛄,11
時代,11
旨み,11
霜降り,11
楽しみ,11
ため,11
包丁,11
ビール,11
非常,11
造り,11
いろいろ,11
によって,11
にて,11
楽しい,10
食材,10
柔らか,10
以下,10
日本,10
間違い,10
こんな,10
結構,10
言い,10
蝦夷,10
まだ,10
にとって,10
かま,10
味わい,10
言っ,10
たっぷり,10
頂い,10
出さ,10
あたり,10
空間,10
お腹,10
ござい,10
内容,10
のに,10
同じ,10
にぎり,10
こはだ,10
とり,10
つめ,10
一貫,10
お願い,10
そこ,10
モノ,10
いか,10
かん,10
しま,10
あじ,10
冷蔵庫,10
まず,10
個性,10
分かれる,10
高級,9
違い,9
かけ,9
剣先,9
色々,9
縁側,9
違う,9
アワビ,9
半生,9
摘み,9
すぎる,9
新子,9
って,9
残る,9
経験,9
価格,9
握ら,9
一品,9
ガリ,9
言え,9
絶妙,9
付け,9
大きな,9
余韻,9
気分,9
外国,9
驚き,9
会計,9
決して,9
づけ,9
春子,9
堪能,9
真子,9
久しぶり,9
砂糖,9
すみ,9
あわび,9
スモーク,9
主張,9
すべて,9
べき,9
とも,9
きす,9
水谷,9
綺麗,9
気持ち,9
もう少し,8
楽しめる,8
楽しく,8
乗せ,8
子持ち,8
やっぱり,8
女性,8
サヨリ,8
海老,8
けれど,8
体験,8
風味,8
炙る,8
巻い,8
のっ,8
っと,8
みたい,8
独特,8
タネ,8
食事,8
により,8
槍烏賊,8
奥様,8
無く,8
弾力,8
小ぶり,8
会話,8
欲しい,8
高く,8
ミシュラン,8
空気,8
使っ,8
ひらめ,8
負け,8
茹で,8
広がり,8
自慢,8
聞い,8
まぐろ,8
賛否,8
丁寧,8
合う,8
うま,8
仕入れ,8
ちなみに,8
合わ,8
旨かっ,8
中野,8
立派,8
グラス,8
なれ,8
なお,7
スミイカ,7
挟ん,7
使う,7
比べ,7
大きく,7
嬉しい,7
茄子,7
始め,7
ならでは,7
魅力,7
絶品,7
普通,7
干瓢,7
安い,7
ごちそうさま,7
ng,7
わけ,7
以外,7
上質,7
)○,7
効い,7
見る,7
パフォーマンス,7
甘味,7
状態,7
世界,7
もっと,7
友人,7
やや,7
実は,7
)○○,7
流れ,7
海松,7
とろ,7
ぶり,7
完璧,7
清潔,7
始まり,7
当然,7
柔らかい,7
おぼろ,7
スペシャル,7
させ,7
あぶり,7
連続,7
相変わらず,7
言葉,7
忘れ,7
とき,7
つつ,7
その後,7
食べる,7
うまい,7
通り,7
エレベーター,7
両論,7
利用,7
ひとり,7
つく,7
あの,7
部分,7
自体,7
やっ,7
おいしい,7
多く,7
続け,7
わたし,7
おいしかっ,7
よかっ,7
切っ,7
べし,7
^^,6
ヒラメ,6
青森,6
キス,6
大きい,6
一流,6
しめ,6
幸せ,6
豪快,6
伝統,6
注文,6
怒涛,6
アオリイカ,6
悶絶,6
山盛り,6
さらに,6
口直し,6
わかる,6
変わら,6
いただく,6
本当,6
中大,6
名店,6
泥障,6
天然,6
柔らかく,6
今年,6
なぁ,6
固め,6
ください,6
美味,6
カット,6
後半,6
サービス,6
つま,6
細かい,6
一緒,6
さば,6
やすい,6
軽く,6
溢れ,6
強面,6
入り,6
さて,6
存在,6
理由,6
伺っ,6
気さく,6
出す,6
必ず,6
残し,6
考え,6
挨拶,6
とにかく,6
お話,6
たかっ,6
すれ,6
いけ,6
なあ,6
前回,6
せい,6
場所,6
あなご,6
かわり,6
生ビール,6
持っ,6
特筆,6
受け,6
見え,6
居心地,6
出来る,6
大変,6
日常,6
きり,6
是非,6
入れる,6
ほう,6
それでも,6
それぞれ,6
いただけ,6
土産,6
こういう,6
どう,6
お金,6
ゃり,6
営業,6
至福,6
いっ,6
どの,6
よい,6
瞬間,6
思わ,6
噴火湾,6
えび,6
驚く,6
実に,6
こんなに,6
余り,6
同時に,6
あんさん,6
衝撃,6
あろ,6
拘り,5
使い,5
乗っ,5
甘く,5
過ぎる,5
変化,5
乗り,5
溶け,5
全部,5
まずは,5
ホシガレイ,5
爽やか,5
さえ,5
溢れる,5
思え,5
素晴らしく,5
出る,5
切り,5
無し,5
シャコ,5
残念,5
産地,5
覚え,5
びっくり,5
羅臼,5
噛む,5
抜け,5
盛ら,5
こそ,5
終わっ,5
飲み,5
同席,5
炊い,5
やり,5
サクッ,5
入る,5
オボロ,5
ピン,5
常連,5
小さな,5
優しい,5
歯ごたえ,5
変わり,5
すぐ,5
ありがとう,5
実際,5
楽しむ,5
部位,5
平貝,5
ずっと,5
一度,5
たび,5
見た目,5
安く,5
食後,5
厚く,5
引き,5
たくさん,5
あっさり,5
酒肴,5
職人,5
最高峰,5
わずか,5
コク,5
トリ,5
ごとく,5
白木,5
女将,5
香水,5
一切,5
温度,5
全体,5
特徴,5
さすが,5
考える,5
話し,5
なけれ,5
について,5
落ち着い,5
飲み物,5
任せ,5
はず,5
名残,5
さより,5
人柄,5
上げ,5
仕入れる,5
演出,5
全く,5
一見,5
どちら,5
椅子,5
ケース,5
小振り,5
初め,5
飲ま,5
融合,5
適度,5
到着,5
超え,5
仕方,5
かつお,5
料金,5
改装,5
ふん,5
基本,5
いえ,5
近い,5
でかい,5
再び,5
匂い,5
上手く,5
軽い,5
半分,5
結果,5
意味,5
お客様,5
驚い,5
近く,5
表面,5
続ける,5
に対し,5
満ち,5
あるじ,5
ログ,5
笑顔,5
キロ,4
)●,4
勝浦,4
あえて,4
両方,4
生き,4
北海道,4
閖上,4
ニンニク,4
込み,4
走り,4
強烈,4
尽くし,4
可能,4
極上,4
余裕,4
ワサビ,4
あら,4
辛味,4
一体,4
何故,4
滲み,4
燻製,4
とろける,4
メモ,4
ムラサキ,4
思わず,4
いたし,4
順番,4
白魚,4
流石,4
程よい,4
適正,4
過去,4
空い,4
繋がっ,4
しかも,4
待っ,4
大振り,4
真剣,4
そのもの,4
代わり,4
随所,4
正直,4
怖い,4
思える,4
置か,4
混ぜ,4
寝かし,4
上品,4
徳島,4
スッキリ,4
塩気,4
kg,4
ブリ,4
笑う,4
巻物,4
つき,4
キリッ,4
迷い,4
キレ,4
鮮度,4
特別,4
べったら漬,4
終わり,4
味噌,4
昆布森,4
バフン,4
無理,4
連れ,4
凛と,4
甘い,4
蒸鮑,4
代表,4
業者,4
立ち,4
完成,4
生姜,4
早く,4
行け,4
中野坂上,4
切りつけ,4
大きめ,4
水分,4
強め,4
もらい,4
頂け,4
愛知,4
秀逸,4
煮凝り,4
伺う,4
表現,4
無駄,4
ほんと,4
そのまま,4
ほどける,4
問題,4
飾り,4
まな板,4
まるで,4
告げ,4
盛り,4
硬い,4
オススメ,4
ナス,4
塩味,4
ぴょう,4
のり,4
大体,4
疲れ,4
範囲,4
距離,4
対応,4
苦労,4
ギャグ,4
静か,4
点数,4
設え,4
たま,4
冷酒,4
ペース,4
回転,4
極めて,4
真摯,4
築地,4
真ん中,4
正面,4
見える,4
取る,4
想像,4
きれい,4
ヶ月,4
深い,4
ああ,4
もらっ,4
んで,4
ぐらい,4
数々,4
文句,4
微妙,4
話す,4
洗練,4
あぶっ,4
気に入っ,4
感触,4
じっくり,4
インパクト,4
これら,4
合っ,4
ほしい,4
合わせ,4
圧倒,4
載せ,4
重ね,4
-------------------------,4
ちょうど,4
いとう,4
らしい,4
曰く,4
納得,4
半ば,4
接客,4
加減,4
いらっしゃる,4
体調,4
ごと,4
薄く,4
確認,4
一瞬,4
タイミング,4
まさに,4
芸術,4
せっかく,4
出身,4
もん,4
すごい,4
本日,4
もてなし,4
ざる,4
開店,4
取れ,4
味わう,4
流線型,4
はじめ,4
戴い,4
驚愕,4
切ら,4
終え,4
幸治,4
帰り,4
通い,4
)　,4
きつい,4
手拭い,4
車蝦,4
たる,4
いさ,4
如く,4
掛け,4
最上,4
内装,4
指定,4
様々,4
大人,4
ご飯,4
ゆっくり,4
わから,4
しゃこ,4
通っ,4
訪れ,4
取り出し,4
ベスト,4
平日,4
とてつもなく,4
注ぐ,4
カンジ,4
旦那,4
付い,3
ゲソ,3
マダカアワビ,3
小柴,3
応え,3
心意気,3
アナゴ,3
長崎,3
対馬,3
通う,3
宮城,3
高知,3
味わえる,3
構成,3
ジョーク,3
エンガワ,3
付き,3
素晴らし,3
連発,3
みれ,3
大根,3
超絶,3
寸前,3
カレイ,3
トリガイ,3
淡路,3
タコ,3
感謝,3
日間,3
今度,3
巨大,3
おもしろい,3
初鰹,3
難しい,3
胡麻,3
焼い,3
上記,3
ドリンク,3
順不同,3
身中,3
スッ,3
楽しめ,3
新鮮,3
素晴らしかっ,3
なー,3
共に,3
妥協,3
垣間見,3
先輩,3
行か,3
貸切,3
先ず,3
まったり,3
妖艶,3
氷見,3
やら,3
リクエスト,3
熱々,3
すっきり,3
山口,3
立つ,3
輪郭,3
美し,3
煮詰め,3
圧巻,3
徐々に,3
教え,3
誕生,3
まだまだ,3
表札,3
タイプ,3
タイ,3
むしろ,3
明るく,3
そういう,3
楽しま,3
ずり,3
一般,3
普段,3
感想,3
ものの,3
話しかけ,3
優しく,3
小さめ,3
固い,3
恐らく,3
中間,3
らし,3
仕上がり,3
とりわけ,3
はし,3
クラシック,3
酸漿,3
)/,3
しんこ,3
）◎/,3
）○/,3
程度,3
厚み,3
唸ら,3
所作,3
やっと,3
きっと,3
実感,3
小さい,3
次回,3
準備,3
ほんのり,3
きっちり,3
とおり,3
特有,3
初物,3
あっという間に,3
たまらない,3
カステラ,3
たった,3
ハナ,3
静謐,3
男性,3
調整,3
硬く,3
流行り,3
絶対,3
ボリューム,3
客層,3
タレ,3
崩れる,3
全然,3
あおり,3
がい,3
溶ける,3
デザート,3
十分,3
邪魔,3
たれ,3
なぜ,3
きちんと,3
ハマグリ,3
ワールド,3
めっちゃ,3
こが,3
ゆったり,3
かかる,3
笑い,3
しばらく,3
ご馳走,3
昨日,3
貝類,3
繊細,3
難く,3
経つ,3
登場,3
たて,3
芳醇,3
トーク,3
才能,3
品質,3
つり,3
嫌い,3
キリ,3
つい,3
手ぬぐい,3
めちゃめちゃ,3
マコガレイ,3
しそ,3
備長,3
いつ,3
まこ,3
書か,3
硬め,3
凝っ,3
とう,3
グルメ,3
なん,3
日曜日,3
まま,3
香ばし,3
半端,3
がち,3
追伸,3
本来,3
マッチ,3
炊く,3
お湯,3
気遣い,3
天井,3
張る,3
気持ちよく,3
温かい,3
相当,3
選ぶ,3
勧め,3
高額,3
ひとつ,3
開け,3
抜か,3
あかう,3
いぶし,3
説明,3
有名,3
抜く,3
ころ,3
茗荷,3
紫蘇,3
いや,3
帰っ,3
いくつ,3
はっきり,3
紹介,3
だが,3
ましょ,3
昼間,3
えん,3
中心,3
捨て,3
ちょっとした,3
価値,3
安心,3
極限,3
なんか,3
結局,3
等地,3
なんと,3
起き,3
濃く,3
断ら,3
いちばん,3
させる,3
なさ,3
常に,3
追い,3
心地よい,3
勝負,3
飲食,3
ミニ,3
獲得,3
殆ど,3
分かり,3
苦味,3
面白い,3
そんなに,3
きつ,3
感心,3
改めて,3
必要,3
ただし,3
隠し,3
佐渡,3
フカ,3
さわやか,3
細やか,3
といった,3
下げ,3
呼ば,3
ほか,3
羽釜,3
最近,3
仕上げ,3
につれ,3
申し訳,3
店名,3
げそ,3
抜い,3
見送り,3
深々,3
熱い,3
休み,3
たち,3
むら,3
さき,3
直前,3
めし,3
ける,3
ひける,3
寿し,3
およそ,3
かせ,3
鮮やか,3
赤坂,3
効き,3
全員,3
きい,3
一斉,3
限ら,3
記し,3
イメージ,3
すんなり,3
仲間,3
来る,3
もらえる,3
流れる,3
言える,3
主役,3
はじめて,3
に対する,3
目指す,3
開い,3
感情,3
会社,3
和風,3
用意,3
日本語,3
アホ,3
輝く,3
どんな,3
味わっ,3
サラッ,3
縦長,3
一気に,3
秘め,3
盛る,3
乗せる,3
素人,3
広がる,3
少なく,3
ホオズキ,3
並ん,3
こり,3
食す,3
土曜,3
好き嫌い,3
故に,3
持つ,3
世代,3
書い,3
口コミ,3
極致,3
劇場,3
姿勢,3
可愛い,2
夏場,2
黒く,2
大粒,2
ひと,2
)^,2
♪●,2
エゾバフンウニ,2
厚岸,2
♪♪♪●,2
赤い,2
芝海老,2
経過,2
ご馳走さま,2
ダネ,2
切りつける,2
下旬,2
淡い,2
抑揚,2
計算,2
高価,2
惜しげ,2
煮汁,2
ゼリー,2
クチコ,2
しろ,2
熱燗,2
ちゃう,2
テンポ,2
カスゴ,2
すら,2
それにしても,2
昇天,2
続い,2
くち,2
バフンウニ,2
きゅう,2
腹いっぱい,2
ぜひ,2
頑張っ,2
鳴門,2
凄く,2
珍しい,2
去年,2
佐賀,2
ラッキー,2
冷たい,2
来月,2
待つ,2
当日,2
着く,2
おら,2
番目,2
ミルガイ,2
味わえ,2
シーズン,2
・シャリ,2
ストイック,2
精神,2
旺盛,2
名刺,2
作ら,2
性格,2
あふれ,2
先月,2
グルマン,2
ふわっと,2
銀杏,2
押し,2
陶酔,2
絡みつく,2
(^.^)☆,2
野付,2
ズリ,2
キツ,2
薫香,2
明日,2
割い,2
塩梅,2
ふわふわ,2
ナマコ,2
カマス,2
酸っぱ,2
弾く,2
宇部,2
！◾,2
吟醸,2
締まっ,2
輝き,2
大分,2
定置,2
堪ら,2
プチ,2
伯楽,2
暫し,2
ソロ,2
盛っ,2
先程,2
並べ,2
光景,2
異彩,2
暖簾,2
膝掛け,2
プレゼント,2
すっと,2
ほとんど,2
ginza,2
six,2
なんだか,2
追記,2
皆様,2
大丈夫,2
結論,2
最大,2
コーティング,2
その他,2
ユニーク,2
薄切り,2
方々,2
これから,2
伺え,2
冒頭,2
今や,2
調節,2
なので,2
纏っ,2
歯切れ,2
川之江,2
房州,2
とともに,2
フレッシュ,2
咬ま,2
上手,2
此方,2
模様,2
)◎,2
霜降,2
大星,2
充実,2
）/,2
胡瓜,2
〆/,2
♪【,2
圧倒的,2
お供,2
貴重,2
厳選,2
背筋,2
手入れ,2
行き届い,2
道具,2
動き,2
とろけ,2
集中,2
三越,2
路地,2
上がっ,2
ピーン,2
張り詰め,2
唸り,2
噛みしめる,2
仙崎,2
分け,2
シャープ,2
最上級,2
解け,2
合わさっ,2
中盤,2
ずつ,2
ほぐれ,2
やめ,2
しよ,2
おっしゃっ,2
漂う,2
恐ろしい,2
残り,2
食欲,2
臭み,2
消え,2
タワー,2
参り,2
(⌒-⌒;,2
携え,2
皆無,2
レビュアー,2
効か,2
かつ,2
変え,2
手渡し,2
気合い,2
辺り,2
近づけ,2
ジュー,2
様子,2
部類,2
観光,2
下足,2
ごま,2
余市,2
ベーコン,2
バチコ,2
少々,2
お断り,2
ｋｇ,2
揚がり,2
蒸す,2
不可,2
かさ,2
ツメマグロスペシャル,2
コースター,2
過ごせ,2
満点,2
オヤジ,2
独創,2
震える,2
うまく,2
引き立た,2
振り,2
纏う,2
日蓮,2
オーソドックス,2
しかしながら,2
てらっ,2
技術,2
幾度,2
ブレ,2
人生,2
ハッ,2
安定,2
ご馳走様,2
當店,2
どー,2
構え,2
着席,2
奥さま,2
なんとも,2
凄まじい,2
堅い,2
察知,2
持ち,2
リラックス,2
複数,2
有り,2
風鈴,2
寸分,2
黒檀,2
配り,2
ネギ,2
巡り,2
ほぼ,2
わかり,2
空豆,2
みなさん,2
好感,2
/￥,2
出張,2
前日,2
完全,2
入り口,2
すでに,2
先客,2
サバ,2
コス,2
低め,2
高め,2
ベルベット,2
変わっ,2
途中,2
前半,2
面白く,2
外人,2
一変,2
こぶし,2
舞鶴,2
パリパリ,2
ズケ,2
客筋,2
手拭き,2
手元,2
キツメ,2
おろし,2
判ら,2
沸かす,2
熱源,2
位置,2
一部,2
無口,2
こう,2
めちゃくちゃ,2
さっぱり,2
頃合,2
おいしく,2
かた,2
作っ,2
カード,2
昨今,2
ジャンル,2
どうしても,2
枝豆,2
きたり,2
かれい,2
すこし,2
度胸,2
評判,2
歌舞伎,2
刺身,2
みょうが,2
しょうゆ,2
載せる,2
ゴマ,2
づき,2
集める,2
場合,2
毎回,2
光栄,2
金沢,2
盛り上がり,2
機会,2
はま,2
ぐり,2
戻り,2
引き戸,2
踏み入れる,2
しつらえ,2
すがすがしい,2
とっ,2
京都,2
ねえ,2
頂く,2
違っ,2
ごろ,2
繊維,2
がっ,2
身もだえ,2
変わる,2
小粒,2
次第,2
変える,2
きれ,2
チャン,2
通し,2
くちく,2
後悔,2
唸る,2
すごく,2
長い,2
さりげ,2
ラーメン,2
うち,2
凝縮,2
若干,2
おそらく,2
牛肉,2
人間,2
保存,2
みえ,2
焼酎,2
気軽,2
ツレ,2
半年,2
くだ,2
さり,2
控えめ,2
くださっ,2
行ける,2
日々,2
コスト,2
客席,2
少ない,2
求め,2
害する,2
限り,2
総合,2
小さく,2
移転,2
フルコース,2
奥さん,2
不良,2
気味,2
まったく,2
吟味,2
決まっ,2
整え,2
さぁ,2
語り,2
解放,2
聞こえ,2
うれしく,2
所望,2
苦手,2
しばし,2
沈黙,2
お互い,2
当たり前,2
先行,2
追い抜い,2
何より,2
マシン,2
レーサー,2
べく,2
設定,2
おなか,2
守り抜い,2
サシ,2
比べる,2
関東,2
知り,2
淡路島,2
分かっ,2
水平,2
階段,2
意外,2
沸かし,2
修行,2
揃え,2
よし,2
例えば,2
too,2
much,2
いずれ,2
による,2
分かる,2
あか,2
買っ,2
買う,2
コトロ,2
きめ,2
増え,2
良質,2
聞く,2
大事,2
飛ん,2
センチ,2
むし,2
すばらしい,2
弾み,2
打た,2
上々,2
慣れ,2
逸品,2
多かっ,2
今一つ,2
変更,2
もてなさ,2
づつ,2
塩水,2
さら,2
作業,2
平均,2
同様,2
開く,2
直接,2
ノド,2
鳴る,2
じわっ,2
混じり,2
進化,2
求める,2
＊＊＊＊＊＊＊＊＊＊＊＊＊＊＊＊＊＊＊＊＊＊＊＊＊,2
増し,2
もとめ,2
美しく,2
歩い,2
あわ,2
年齢,2
関わら,2
異端,2
ネットリ,2
だす,2
出色,2
比較的,2
やせ,2
気がつい,2
一口,2
口中,2
淡白,2
丁目,2
絵柄,2
飛び込ん,2
合せ,2
〆)、,2
でる,2
いづれ,2
大きかっ,2
団扇,2
活け,2
作り,2
あて,2
遊び心,2
足し,2
使い分け,2
供する,2
答え,2
後で,2
のち,2
ふたり,2
豊か,2
ちゃっ,2
音楽,2
ちょこっと,2
かかっ,2
しら,2
ずし,2
見せ,2
心地,2
辛口,2
まあ,2
ごめんなさい,2
たぶ,2
張り,2
青木,2
小笹,2
こし,2
めじ鮪,2
細長き,2
あれ,2
かをり,2
かし,2
思ふ,2
あぶ,2
かに,2
引く,2
いぶ,2
滅法,2
ぱふ,2
香ばしく,2
強き,2
返し,2
手間,2
調和,2
工夫,2
おもてなし,2
大いに,2
うわさ,2
それでいて,2
終了,2
ピリッ,2
終盤,2
こじんまり,2
手際,2
なに,2
学ん,2
関係,2
ラスト,2
サムライ,2
ユーモア,2
くっきり,2
長く,2
取り,2
エサ,2
恐る,2
さま,2
大切,2
素敵,2
選ん,2
難い,2
最も,2
要素,2
尋常,2
まとめ,2
明確,2
ついつい,2
それなり,2
褒美,2
に関して,2
間合い,2
うーん,2
理解,2
金額,2
失礼,2
穏やか,2
知れ,2
感覚,2
毀誉,2
褒貶,2
歩く,2
ようやく,2
シーン,2
ガラッ,2
決め,2
注が,2
人数,2
たらふく,2
洒落,2
施し,2
不安,2
混ざっ,2
無数,2
味覚,2
高まる,2
翌月,2
訪れる,2
抱き,2
地下鉄,2
出口,2
スゲー,2
) ,2
開き,2
現れ,2
等間隔,2
しぼり,2
カップル,2
サミット,2
同店,2
二つ,2
喋れる,2
美人,2
重要,2
判断,2
触っ,2
歯応え,2
小さ,2
置く,2
差し出さ,2
語る,2
押し寄せる,2
生涯,2
赤色,2
ヅケ,2
加わる,2
火遊び,2
差し出し,2
子供,2
パチ,2
頬張る,2
心底,2
そろそろ,2
生まれ,2
素直,2
ちょい,2
それに,2
見解,2
に対して,2
センス,2
お辞儀,2
見送っ,2
コレクション,2
夫婦,2
認め,2
調理,2
トイレ,2
多々,2
勉強,2
冷蔵,2
頂戴,2
信念,2
ぶつかり,2
少なめ,2
終わら,2
取れる,2
単に,2
いつか,2
ひたすら,2
悪い,2
黙っ,2
何とも,2
おい,2
それほど,2
けっこう,2
ひたむき,2
語ら,2
少なくとも,2
抜き,2
嗚呼,2
予定,2
できれ,2
伝わっ,2
各国,2
首脳,2
ツン,2
相方,2
それとも,2
魔力,2
不器用,2
オレ,2
過ごし,2
努力,2
奥田,2
続き,2
集う,2
そのうえで,2
md,2
coke,2
働き,2
独学,2
緩める,2
成長,2
捉え,2
キチン,2
表れ,2
客数,2
飲ん,2
応対,2
俎板,2
頂こ,2
庶民,2
じつに,2
繰り返し,2
ガンガン,2
ササッ,2
開始,2
まえ,2
税別,2
もらう,2
選択,2
だから,2
またまた,1
やって来,1
冷凍,1
養殖,1
今朝,1
寝かす,1
大阪,1
火入れ,1
軟骨,1
ピーク,1
ちゃんと,1
もはや,1
コハダオボロ,1
千葉,1
最強,1
見栄え,1
♪♪♪,1
柚子,1
^(,1
サクサク,1
箇所,1
アイス,1
アイスクリーム,1
帰れ,1
カウント,1
気っ風,1
シンイカ・シンコ・アオヤギ・イカ,1
真髄,1
盛り込む,1
一本槍,1
つける,1
振る舞う,1
江戸,1
体現,1
軽妙,1
今宵,1
すっ,1
珍味,1
まとわりつき,1
本体,1
苦い,1
泣く,1
マックス,1
飛び越え,1
泣い,1
騙さ,1
どん,1
ぴしゃな,1
雄弁,1
清涼,1
何かしら,1
エキス,1
色んな,1
角度,1
きつく,1
珠玉,1
小馬鹿,1
謝り,1
暴力,1
タコタコタコ,1
優美,1
頼り,1
由良,1
de,1
タマゴ,1
ひも,1
呟い,1
幸福,1
〆(,1
入荷,1
...）,1
やり方,1
麦茶,1
暖かい,1
噛め,1
取ろ,1
繋がら,1
ダメ,1
繋がり,1
明後日,1
うえ,1
キャパ,1
かかわら,1
受け入れ,1
イケメン,1
笑お,1
松前,1
コハダシメサバ,1
ホオヅキ,1
コリコリ,1
マッチング,1
ぷりぷり,1
分厚く,1
気前,1
バシッ,1
伝わり,1
談笑,1
ジョーダン,1
和紙,1
許さ,1
ホスピタリティ,1
済み,1
知り合い,1
誘っ,1
(^｡^),1
絶美,1
高まり,1
煎っ,1
丸々,1
プリプリ,1
透明,1
プリップリ,1
長野,1
本金,1
アオリ,1
佐島,1
ヒモ,1
ジュレ,1
まとい,1
包み込み,1
叩く,1
キュッ,1
縮み,1
際立た,1
)☆,1
ズリ・・・ベーコン,1
茶目,1
^(☆,1
継ぎ足し,1
和菓子,1
バチコ・・・,1
甘塩,1
倶楽部,1
冥利,1
土佐,1
白菊,1
七味,1
散らし,1
柳川,1
有明,1
片面,1
立っ,1
着地,1
否や,1
沈む,1
豊後水道,1
秋田,1
山本,1
ハッキリキレキレ,1
lover,1
津軽,1
マッタリ,1
突き抜ける,1
重なり,1
観音寺,1
もつ,1
ヤバイ,1
こぼれ落ち,1
しあわせ,1
シンプル,1
人前,1
巻く,1
巻か,1
落ちる,1
世界一,1
)⚫,1
ホウヅキ・・・ホウヅキ,1
甘酸っぱ,1
酒宴,1
物悲し,1
グイグイ,1
押し込ん,1
ラッシュ,1
泥酔,1
僅か,1
プラチナ,1
シート,1
no,1
決まり,1
ひときわ,1
放ち,1
敷居,1
てん,1
びん,1
お祝い,1
兼ね,1
幸運,1
くぐれ,1
コンパクト,1
聞き,1
いえいえ,1
入道,1
替わり,1
(？),1
葡萄,1
色合い,1
嬉しく,1
いよいよ,1
堅め,1
ほどけ,1
ほれぼれ,1
シャキッ,1
馴染ん,1
なさっ,1
浸る,1
出れ,1
ふらふら,1
歩け,1
キツネ,1
抓ま,1
行きつけ,1
風格,1
(_,1
台風,1
行脚,1
無事,1
たどり着け,1
(^_^;)),1
lunchinstagram,1
mitomi,1
emon,1
ブログ,1
http,1
ameblo,1
jp,1
nobuhiromitomi,1
reservation,1
only,1
追い返さ,1
どころか,1
二の足,1
踏ん,1
説教,1
ユーモラス,1
導く,1
終始,1
足さ,1
失わ,1
中和,1
ことなる,1
もしくは,1
西京,1
分厚い,1
試みる,1
認識,1
縁起物,1
地元,1
要望,1
ユニークネス,1
寄り添っ,1
ふるまい,1
ちょこちょこ,1
じまい,1
海外,1
後押し,1
一文,1
応じ,1
泣き,1
添付,1
高速,1
馴染む,1
茹でる,1
ミョウバン,1
徹底,1
エゾアワビ,1
装い,1
高き,1
〆)◎◎,1
交わる,1
鞍掛,1
トロット,1
出切っ,1
即席,1
キメ,1
細か,1
際立つ,1
嫌み,1
野趣,1
筋肉質,1
っぽ,1
緩み,1
ちょこんと,1
メーカー,1
加味,1
フワッフワ,1
煮物,1
(*´∇｀*)-,1
海水温,1
下がっ,1
♪（,1
天草,1
三陸,1
♪-,1
大船渡,1
利尻,1
暖かく,1
〆○○/,1
)○○/,1
ハーフ,1
ハプニング,1
♪■,1
～♪,1
年始,1
かね,1
〆○/,1
伊佐,1
こい,1
くら,1
*④,1
～♪□,1
〆◎/,1
）◎◎/,1
上物,1
花菖蒲,1
♪♪■,1
引き込ま,1
霜ふり,1
愛嬌,1
伸ばし,1
越し,1
叶い,1
ほんとう,1
語彙,1
もどかしい,1
選ば,1
バー,1
show,1
言わずもがな,1
神経,1
進む,1
につれて,1
かっこよかっ,1
どうやら,1
レディース,1
レギュラー,1
すごかっ,1
すばらしかっ,1
やってき,1
夢見,1
映える,1
真っ最中,1
富み,1
周囲,1
醤油,1
染み込ん,1
続く,1
収まら,1
味付け,1
漬ける,1
施さ,1
差し掛かる,1
はさむ,1
お話し,1
そのうち,1
にっこり,1
スパ,1
微か,1
気持ちよい,1
漬け込ま,1
段階,1
消え去り,1
思い出,1
奪わ,1
ニンマリ,1
プリッ,1
しり,1
そそり,1
三河湾,1
反り返り,1
くど,1
諦め,1
思い込み,1
ふと,1
かつて,1
まさかの,1
うるさい,1
デカ,1
カメラ,1
インスタグラマー,1
伝説,1
でか,1
経っ,1
気づき,1
硬派,1
パラ,1
仕上がっ,1
スキル,1
要求,1
下さい,1
さっと,1
運び,1
一級,1
あらい,1
きよ,1
初音,1
だり,1
大量,1
一言,1
動画,1
割高,1
貰え,1
携帯,1
メール,1
打っ,1
行わ,1
辛い,1
(*＾,1
＾*),1
）⭐,1
〆⭐,1
冷茶,1
ツマミ,1
ほどよく,1
ぴょうを,1
ほし,1
やすめ,1
箸休め,1
トロトロ,1
早春,1
)、〆,1
一定,1
水準,1
不満,1
ある程度,1
うま味,1
まずまず,1
悪く,1
良好,1
酸っぱい,1
しょっぱい,1
丸い,1
考えれ,1
許容,1
ルール,1
設け,1
気難しい,1
か月,1
研ぎ澄まさ,1
目配り,1
飛ばし,1
大笑い,1
受け継ぐ,1
酢漬け,1
応用,1
八丈島,1
下田,1
相模,1
ほんの,1
期間,1
福島,1
前月,1
ネット,1
面白,1
おかしく,1
語っ,1
ご苦労,1
モラル,1
守り,1
満喫,1
親父,1
炸裂,1
ナプキン,1
アオリイカ・アジ・,1
ケンサキイカ,1
エンジン,1
満たし,1
カツオスモーク,1
サワラ,1
和歌山,1
那智勝浦,1
トロ・コハダ・トリガイ,1
謙虚,1
オンパレード,1
極め付け,1
いろんな,1
ただただ,1
たまげ,1
ボキャブラリー,1
満載,1
時折,1
発せ,1
において,1
とりあえず,1
時点,1
ツルッ,1
剃り,1
押し出し,1
只者,1
気配,1
中華,1
滸伝,1
和尚,1
魯智,1
本邦,1
上人,1
求道,1
ヤネ,1
早くから,1
同業,1
やっかま,1
買い付け,1
採算,1
度外視,1
流罪,1
通じる,1
春夏秋冬,1
問わ,1
軽量,1
アガリ,1
言い出し,1
ツアー,1
最終,1
かねてから,1
～、「,1
折角,1
ジャスト,1
開か,1
大抵,1
裏側,1
構造,1
トップクラス,1
叫ん,1
アッツ,1
アツ,1
気質,1
フランク,1
歴史,1
嗜好,1
瞬時,1
頂ける,1
ツンケン,1
過ごす,1
壱岐,1
掛ける,1
泳が,1
魚体,1
ストレス,1
かから,1
焼け,1
イイ,1
と共に,1
無愛想,1
愛想,1
れい,1
嬉しかっ,1
気持ちいい,1
みごと,1
拭く,1
見合っ,1
のむ,1
おいし,1
かげ,1
たたき,1
ガツン,1
祇園,1
まつ,1
もと,1
ぬぐい,1
特注,1
～、,1
高かっ,1
めぐり,1
三原,1
小路,1
もり,1
三連小鰭烏賊印籠詰,1
尽くす,1
持て,1
!(^^)!「,1
どっち,1
とうさん,1
しょっちゅう,1
踊る,1
ちゃ,1
ラシュラン,1
ススメ,1
雑居,1
マンション,1
おりる,1
いきなり,1
向かい合い,1
はっ,1
いかつい,1
はずれ,1
どんどん,1
ひきこま,1
惹か,1
炙ら,1
生臭,1
微塵,1
占拠,1
すすめ,1
てっぺん,1
なくなっ,1
死ぬ,1
ざっくばらん,1
シメ,1
お洒落,1
ひととき,1
どーぞ,1
ーーーーーーーーーーーーーーーーーーーーーーーーー,1
何ら,1
下ごしらえ,1
予算,1
糸目,1
ヘビーローテ,1
遠のい,1
直線,1
紫檀,1
放っ,1
合流,1
我々,1
パターン,1
組合,1
報告,1
白う,1
備前,1
阿久根,1
鹿児島,1
ほのか,1
パホーマンス,1
隠岐,1
ミョウガ,1
刻ん,1
しみず,1
強力,1
青柳,1
貝柱,1
食用,1
ホスピタリティー,1
御法度,1
ふき,1
パーフェクト,1
アルコール,1
ツブツブ,1
潰れる,1
かざし,1
気配り,1
軟らかく,1
判り,1
混ざる,1
注ぎ,1
網代,1
届く,1
対等,1
豪華,1
飽き,1
とくに,1
ボソボソ,1
コチラ,1
ぶつ切り,1
ゴキゲン,1
極太,1
天城,1
辛み,1
失せ,1
いただける,1
マジック,1
濃いめ,1
うまみ,1
おにぎり,1
そろい,1
日本橋,1
染物,1
あつらえ,1
冠し,1
かしら,1
通える,1
必至,1
使える,1
ありがたい,1
相手,1
散っ,1
厳しく,1
説き伏せ,1
乗り込ん,1
入れ替え,1
張り切り,1
着き,1
カギ,1
ほどなく,1
きゅうり,1
野菜,1
材料,1
そろえる,1
冬場,1
もう一度,1
感激,1
いらっ,1
しゃ,1
新橋,1
演舞,1
くん,1
しょ,1
からみ,1
だいこん,1
もち,1
載っ,1
さじ,1
または,1
ok,1
裂い,1
カイワレ,1
ひれ,1
バフンウニ・,1
ごはん,1
ほお,1
話題,1
影響,1
ビジネス,1
ホテル,1
割り切っ,1
早川,1
読ん,1
兄さん,1
一直線,1
めい,1
ねぎ,1
どこ,1
不明,1
amazing,1
"＞""",1
おじゃま,1
そっけ,1
上り,1
おさまっ,1
料亭,1
醸し出し,1
俵屋,1
旅館,1
たたずまい,1
言い過ぎ,1
俳優,1
光臨,1
めくるめく,1
むふ,1
舞い,1
踊り,1
うっ,1
どうぞ,1
ぜいたく,1
太い,1
じりじり,1
ノリ,1
本場,1
さながら,1
鰹節,1
イノシン,1
紀伊,1
・・・マイクロトマト,1
一息,1
脱帽,1
かぶっ,1
面白かっ,1
きゅっと,1
つやつや,1
のっかる,1
表情,1
酔い,1
深まっ,1
合わさる,1
やさしい,1
はじ,1
ゅわ,1
とどめ,1
さす,1
山芋,1
兼ね合い,1
ゅじゅっとした,1
ぱんぱんだ,1
もっ,1
かい,1
ダメ押し,1
リフレイン,1
細胞,1
たんぱく質,1
跡形,1
ーヤラレタ・・・・,1
けれども,1
惚れ,1
魅せ,1
ほろ酔い,1
夜中,1
帰路,1
有り得,1
売り,1
過程,1
如何,1
腐心,1
醸し出さ,1
なるほど,1
質感,1
昨年,1
仕込ん,1
宍道湖,1
腐る,1
端っこ,1
ポンポン,1
切り落とし,1
身震い,1
生じる,1
懺悔,1
耐え,1
こしらえ,1
余計,1
意外と,1
易々,1
伺える,1
見合う,1
有る,1
遣っ,1
気に入り,1
願い,1
精進,1
付き合い,1
寝かせる,1
注力,1
あげれ,1
分会,1
筒抜け,1
同士,1
コミュニケーション,1
そういった,1
出会い,1
詭弁,1
対価,1
払え,1
わが,1
ぎりぎり,1
じゃあ,1
れれ,1
置い,1
とい,1
絞め,1
そぎ,1
落とさ,1
跳ね返っ,1
かぁ,1
飲み代,1
潜め,1
否定,1
いらっしゃっ,1
通す,1
苦痛,1
なおさら,1
やけ,1
もったいない,1
活躍,1
こだわっ,1
カン,1
キャラ,1
せかさ,1
切迫,1
体操,1
物事,1
片付けん,1
ゃりだとか,1
じゃん,1
所詮,1
もっとも,1
らしく,1
しそう,1
批評,1
錯覚,1
陥っ,1
つまんない,1
あいにく,1
木曜,1
どうせ,1
説得,1
矢先,1
午後,1
つまり,1
こっち,1
根本,1
漫画,1
読み,1
やる,1
のれん,1
動かす,1
案の定,1
真ん前,1
おろす,1
冷た,1
再度,1
無言,1
いこ,1
真面目,1
ゆるむ,1
しろうと,1
感じ入る,1
ときおり,1
追いつく,1
エモーション,1
にじん,1
ゃりはすぐに,1
つくし,1
捉える,1
レース,1
乗れる,1
こめ,1
当事者,1
観客,1
興奮,1
カーブ,1
スピード,1
ふるい落とさ,1
くらいつく,1
決死,1
ドライブ,1
快感,1
おぼえる,1
ついに,1
極点,1
達する,1
すか,1
さめる,1
型通り,1
ぬき,1
話しこん,1
書く,1
まつげ,1
同族,1
勝っ,1
一対一,1
ニュートラル,1
滞在,1
あらゆる,1
一期一会,1
レイ,1
（+,1
小鉢,1
さっき,1
活き,1
粒々,1
ハッキリ,1
とっても,1
兵衛,1
恐れ入り,1
珍しく,1
モード,1
突入,1
土曜日,1
助手,1
切盛り,1
将来,1
どういう,1
次々,1
函館,1
愛媛,1
ワイン,1
昇る,1
ラインナップ,1
煎れ,1
やたら,1
自宅,1
おけ,1
親近,1
名古屋,1
事情,1
笑え,1
数多,1
敬愛,1
異なっ,1
辺鄙,1
奇麗,1
店員,1
正に,1
関西,1
"""（",1
こうした,1
過度,1
ごてごて,1
取っ手,1
旧式,1
通じ,1
品格,1
自ずと,1
加え,1
くだらなかっ,1
それ程,1
総じて,1
欠い,1
申す,1
自腹,1
並べる,1
言い訳,1
たれる,1
ベンチ,1
休ん,1
丈夫,1
何れ,1
せよ,1
田舎,1
風情,1
地方,1
お上りさん,1
ブランド,1
こだわら,1
眼鏡,1
かなっ,1
みせ,1
渇く,1
それでは,1
むっちり,1
ダルマ,1
端境期,1
近海,1
見向き,1
もさ,1
ぷりっぷりの,1
しみ,1
カマシタ,1
好ん,1
染み渡る,1
深み,1
血合い,1
ブロック,1
四方,1
入念,1
筋肉,1
方向,1
挟む,1
体長,1
ゆで,1
いぶさ,1
受け止める,1
場外,1
中西,1
ピッチャー,1
立ち直れ,1
積丹,1
後味,1
パーカー,1
ブラヴォー,1
処理,1
きつね,1
半熟,1
締めくくる,1
ふさわしい,1
ポリシー,1
狙っ,1
それだけ,1
都心,1
薄れ,1
あいかわら,1
半値,1
あくまでも,1
間尺,1
奨め,1
少食,1
不向き,1
通常,1
荷物,1
物入れ,1
持ち込ま,1
ふんだんに,1
熾し,1
行為,1
トータル,1
遅れ,1
シャッター,1
確かめ,1
つかん,1
かっちり,1
ほぐれる,1
古米,1
農家,1
農薬,1
含ま,1
ほろっと,1
きわだち,1
刻々,1
食べ頃,1
賞味,1
期限切れ,1
本人,1
精妙,1
情熱,1
留まる,1
知ら,1
寄り,1
ずらし,1
壊れ,1
心遣い,1
ずいぶん,1
引き出し,1
ささえる,1
展開,1
端正,1
勝る,1
劣ら,1
長年,1
精力,1
次世代,1
単なる,1
スモーク・,1
のせ,1
感服,1
かしい,1
舌触り,1
線維,1
いっさい,1
緻密,1
肉質,1
好む,1
向き,1
浅い,1
ぐにゃりとした,1
カツ,1
ブシ,1
産卵,1
メス,1
あわせ,1
あいかわらず,1
ピンピン,1
いける,1
あふれる,1
だらけ,1
賛成,1
尻尾,1
ペースト,1
煮込む,1
煮込み,1
挑戦,1
今後,1
テナント,1
案内,1
蜻蛉,1
現在,1
名前,1
刻ま,1
上る,1
左手,1
入口,1
其処,1
木製,1
掲げ,1
後方,1
漂っ,1
広め,1
間隔,1
取ら,1
ｄz,1
乾杯,1
薄手,1
呑み,1
地酒,1
銘柄,1
失念,1
廼江,1
静岡,1
省略,1
下記,1
入魂,1
眞子,1
づり,1
三種,1
ひきだし,1
云う,1
夏期,1
勿論,1
お目にかかっ,1
富津,1
大味,1
扇い,1
人肌,1
温か,1
冷まさ,1
易い,1
スモーキー,1
云っ,1
適切,1
視覚,1
臭覚,1
体感,1
強弱,1
問い,1
以内,1
都度,1
こまめ,1
摺り,1
柑橘,1
煮つめ,1
ひい,1
標準,1
分量,1
有難う,1
お待ち,1
下りる,1
頻度,1
いっせい,1
継続,1
消し,1
だれ,1
厳しい,1
だからこそ,1
あんがい,1
たすかっ,1
満席,1
保た,1
♪）,1
帰り道,1
すめ,1
しも,1
終り,1
化粧,1
状況,1
ゅうとろ,1
おお,1
みな,1
やいと,1
くるま,1
扇ぐ,1
ぼう,1
割る,1
合間,1
一休み,1
スフ,1
やき,1
女の子,1
座り,1
ネーム,1
箸置き,1
黒文字,1
小物,1
がんばっ,1
かじ,1
ゃなければきゅうきゅうには,1
とら,1
ばっち,1
禁煙,1
びゅ,1
むま,1
下刻,1
こく,1
福家,1
書店,1
通る,1
當世,1
美女,1
新垣,1
結衣,1
ちや,1
サイン,1
長澤,1
まさみ,1
高島,1
ひさ,1
難波,1
おき,1
ひとたび,1
振り向か,1
へり,1
滅ぼす,1
空き,1
坐る,1
臙脂,1
えんじ,1
ビロード,1
柾目,1
まさ,1
横綱,1
前頭,1
頼む,1
いづ,1
おも,1
豬口,1
徳利,1
かたは,1
黒き,1
つら,1
保つ,1
うる,1
勝れ,1
都合,1
はた,1
薄め,1
卷き,1
附ける,1
しく,1
彈力,1
及ば,1
切れ端,1
ごみ,1
投げ,1
つる,1
うたて,1
ぐる,1
かく,1
如き,1
流儀,1
しから,1
思ひ,1
火加減,1
鈍色,1
びいろ,1
獨特,1
漬け込む,1
よろしけれ,1
戸井,1
目方,1
乃至,1
はさ,1
ごく,1
締める,1
限る,1
館山,1
奈可,1
処し,1
いち,1
けれ,1
近き,1
ゆるり,1
冷まし,1
ゐる,1
越前,1
ゑか,1
白眉,1
根室,1
なす,1
明礬,1
鹽水,1
出汁,1
粕漬け,1
筋子,1
かな,1
播州,1
明石,1
迫る,1
供す,1
かねさ,1
芝蝦,1
山の芋,1
なむ,1
赤子,1
耳朶,1
なほ,1
以爲,1
おもへらく,1
喜久,1
止め,1
刺す,1
製す,1
ざれ,1
すべ,1
らく,1
強し,1
ふたつ,1
良き,1
鹽梅,1
くどし,1
既に,1
近頃,1
水平面,1
半周,1
づゝ,1
廻す,1
ふた,1
餘計,1
たづ,1
ぬれ,1
元々,1
因り,1
厳か,1
始まる,1
按配,1
にくい,1
そつ,1
進み,1
頂点,1
けんけん,1
運気,1
上昇,1
トリッキー,1
ストレート,1
直球,1
かっこいい,1
見つけ,1
ずーっと,1
奇跡,1
とれ,1
出会え,1
これぞ,1
すし,1
失う,1
ナンバーワン,1
要件,1
本物,1
マスト,1
たまたま,1
思い込ん,1
覆さ,1
格好,1
軍人,1
撮れ,1
アオリイカキス,1
さわら,1
向け,1
究極,1
ハマる,1
誂え,1
恐い,1
ちゃい,1
多数,1
贔屓目,1
感銘,1
っぷり,1
オンリー,1
区別,1
必然,1
確実,1
座席,1
昼夜,1
健康,1
特急,1
選び,1
突き詰め,1
空か,1
アワード,1
シルバー,1
見とれ,1
古く,1
技法,1
軽快,1
熱帯魚,1
泳い,1
ダイビング,1
免許,1
休憩,1
潜っ,1
集まっ,1
！」(,1
危険,1
能力,1
ホール,1
交差点,1
座れる,1
すみません,1
得意,1
ハンカチ,1
あやふや,1
大和芋,1
つかっ,1
寄せ,1
引い,1
ゆく,1
涼しげ,1
しんじ,1
ょも,1
木の葉,1
ゆらゆら,1
お誘い,1
ぐい呑,1
一興,1
つか,1
離れ,1
薫る,1
屈指,1
使い勝手,1
クオリティ,1
何気ない,1
凡百,1
感じ取れる,1
みんな,1
更新,1
大昔,1
撮ら,1
ぎん,1
懐かしい,1
メディア,1
知識,1
拍子抜け,1
正統,1
たたずん,1
醜態,1
さらし,1
もっぱら,1
あう,1
風貌,1
アテ,1
サーブ,1
キープ,1
クラス,1
当たり,1
アタマ,1
定期,1
だこ,1
みょうばん,1
卵巣,1
集め,1
びとうにいいですね,1
ぎりいかひらめまぐろ,1
いわく,1
五感,1
切れ,1
なくなる,1
かかり,1
わか,1
圧迫,1
とお,1
若い,1
撮っ,1
うろ覚え,1
一端,1
旅行,1
随分,1
遠い,1
バッター,1
ずらり,1
ジャイアンツ,1
優勝,1
脇役,1
友情,1
出演,1
エキストラ,1
配さ,1
キーワード,1
食せ,1
覚悟,1
言動,1
時に,1
対象,1
両手,1
両足,1
看板,1
カウンタ,1
リニューアル,1
ぼちぼち,1
下車,1
寒空,1
とある,1
目指し,1
名門,1
高まっ,1
インテリア,1
汲みだし,1
を通して,1
湯飲み茶碗,1
では,1
黒い,1
素早く,1
次いで,1
代名詞,1
一層,1
引き立ち,1
噛ま,1
与え,1
笑っ,1
田名,1
近所,1
みろ,1
試験,1
面接,1
起きる,1
織り,1
抱く,1
なぜなら,1
大げさ,1
残ら,1
払お,1
 (,1
趣味,1
みよ,1
！) ,1
とんでも,1
情報,1
。(,1
ナイ,1
思い切っ,1
代理,1
厳重,1
更に,1
とる,1
早起き,1
トレ,1
外せ,1
^_^),1
服装,1
ザギン,1
向かう,1
徒歩,1
老舗,1
新富,1
登り,1
。。 ,1
ナント,1
巨漢,1
白人,1
待ち,1
英語,1
簡単,1
！！！！),1
木目,1
ツケ,1
連結,1
一室,1
広がっ,1
剃っ,1
橙色,1
澄ん,1
発生,1
鼻筋,1
気迫,1
痩せ,1
体格,1
宜しく,1
交わし,1
揃う,1
事態,1
起こる,1
アメリカ,1
シンガポール,1
韓国,1
母国,1
参加,1
ミシュランガイド,1
地位,1
まぁ,1
喋り,1
丸出し,1
発し,1
打ち解ける,1
！！！） ,1
金色,1
麦酒,1
クリーミー,1
------------------------ ,1
sns,1
浸透,1
大概,1
わかっ,1
解っ,1
ライン,1
換える,1
アタック,1
浮き出,1
手触り,1
分野,1
合わさり,1
勝手,1
凄まじかっ,1
致し,1
ザックリ,1
踏まえ,1
移っ,1
ファースト,1
さらっ,1
発さ,1
(！！),1
斜め,1
施す,1
じん,1
わり,1
ワラビ,1
適当,1
細長く,1
ムチ,1
沁みる,1
壮大,1
もの凄く,1
レア,1
儚く,1
消える,1
尚更,1
グッ,1
ギャップ,1
添え,1
土台,1
専用,1
電気,1
反射,1
囲い,1
クル,1
仕上げる,1
仕込ま,1
！！！ ,1
空洞,1
零れ,1
いざ,1
解し,1
もの凄い,1
盗み食い,1
まくっ,1
一生,1
漆黒,1
塗ら,1
取り出す,1
解る,1
帯び,1
攻め,1
茶釜,1
厚い,1
湯呑み,1
アツアツ,1
！！ ,1
延縄,1
茶色,1
てつ,1
絡み,1
淡く,1
ピンク色,1
和牛,1
抜ける,1
口内,1
ジュワッ,1
とてつもない,1
晒し,1
パンチ,1
個体,1
エレガント,1
官能,1
育っ,1
今にも,1
溶けだし,1
崩さ,1
急い,1
運ぶ,1
東京湾,1
チョイス,1
蒸籠,1
筋繊維,1
ミソ,1
エクセレント,1
生ん,1
明らか,1
フアン,1
ベリーベリーオールドスシ,1
シットリ,1
混ざり,1
合い,1
アクセント,1
安らか,1
一旦,1
赤く,1
燃え,1
たぎる,1
かざす,1
ウチ,1
ガスバーナー,1
赤外線,1
立て,1
魔法,1
忘れる,1
魔術,1
バーナー,1
空け,1
ギュッ,1
閉じこもり,1
途端,1
ァアアアアア,1
けが,1
サッパリ,1
含め,1
余りに,1
丁度,1
透き通る,1
見せる,1
食い入る,1
凝視,1
飲む,1
マジ,1
崩壊,1
ガッ,1
大口,1
抱え,1
冗談,1
吹き出し,1
溶けだす,1
津波,1
やってくる,1
日程,1
無かっ,1
this,1
is,1
japanese,1
ice,1
cream,1
!!!」,1
またもや,1
こんなにも,1
トップ,1
差し出す,1
爽煮,1
お次,1
塗っ,1
塗り,1
焼き上げ,1
黄金,1
自然,1
奥深い,1
言い方,1
恥ずかし,1
ビックリ,1
果実,1
ブランデー,1
詰まっ,1
一味,1
茶代,1
左右,1
！(,1
大金,1
払う,1
勇気,1
要る,1
嬉し,1
微笑む,1
美味く,1
キラキラ,1
少年,1
会い,1
生活,1
モチベーション,1
コンビネーション,1
バッチリ,1
黒髪,1
結っ,1
細く,1
容姿,1
端麗,1
ファン,1
差し替え,1
シャレ,1
茶髪,1
ピアス,1
若造,1
自動,1
ドア,1
閉まっ,1
につき,1
慌ただしい,1
突然,1
幻想,1
天気,1
渋谷,1
短く,1
聴き,1
イヤ,1
ホン,1
気付い,1
辿り,1
着い,1
オリジナル,1
デザイン,1
描か,1
カワイイ,1
貸切り,1
品数,1
定番,1
何故か,1
あがり,1
っけ,1
増やし,1
後に,1
年明け,1
ところで,1
なんで,1
あちら,1
採点,1
にくく,1
かまわ,1
贔屓,1
すらっと,1
出迎え,1
手伝わ,1
切り盛り,1
広く,1
呑ん,1
思い出せん,1
甲殻,1
上げる,1
果物,1
観賞,1
フルーツ,1
イキ,1
ポンコツ,1
詳細,1
勘弁,1
基調,1
石鹸,1
気取っ,1
洗っ,1
食える,1
かって,1
タイヤ,1
ですが,1
案外,1
こまかい,1
とこ,1
かぎら,1
よろしい,1
授業,1
さかな,1
女子,1
ゴージャス,1
いかにも,1
ずらりと,1
酔っ,1
曖昧,1
うなり,1
ポロッ,1
なか,1
また上,1
載る,1
薬味,1
こん,1
支払い,1
ぁとため,1
ピカ,1
イチ,1
職業,1
貫き通し,1
まっすぐ,1
ゆける,1
うらやましい,1
含む,1
会っ,1
ヤリ,1
かっぱ,1
分かれ,1
しっと,1
払える,1
すばらしく,1
自身,1
運転,1
カボス,1
わら,1
薫り,1
多め,1
厚め,1
赤み,1
あぶる,1
にとり,1
ｸｾ,1
ゃりとぶつかる,1
さばき,1
平ら,1
つよく,1
ぷりっとして,1
とろり,1
妥当,1
私的,1
いかに,1
とうや,1
ぐち,1
人情,1
人間味,1
ホント,1
干渉,1
作用,1
働く,1
リスク,1
貸し切り,1
理想,1
ショック,1
まさか,1
平凡,1
肝心,1
がっかり,1
祈り,1
食する,1
全敗,1
トライ,1
落胆,1
越え,1
撃ち,1
積ん,1
耐性,1
癒さ,1
温かく,1
連れ合い,1
座る,1
申し分,1
はさん,1
金網,1
ジュジューッ,1
そそる,1
なじむ,1
常温,1
頼ん,1
ウハウハ,1
楽しかっ,1
心得,1
こだわる,1
体育,1
熱血,1
熱烈,1
注目,1
盛り上がっ,1
気に入ら,1
恋愛,1
機微,1
とらえ,1
夕飯,1
望む,1
日差し,1
そもそも,1
屈め,1
遠慮,1
食わせ,1
カ月,1
ヨーイドン,1
しん,1
"""。",1
正確,1
ぴょうとあなきゅうは,1
。)●　,1
コドモ,1
ぴょうまき,1
あな,1
唸っ,1
馴染み,1
新た,1
燻さ,1
見合わせ,1
いやあ,1
思想,1
現れる,1
大勝,1
二郎,1
数多く,1
要し,1
対話,1
前提,1
我が,1
佐川急便,1
最優秀,1
セールス,1
ドライバー,1
課長,1
入社,1
保険,1
掛け合っ,1
つなぎとめ,1
根性,1
そしたら,1
帰りがけ,1
文字,1
バッグ,1
^^---------　,1
レビュー,1
　---------,1
つぶやく,1
頑張り,1
せめて,1
努める,1
坊主,1
魑魅魍魎,1
跋扈,1
金曜,1
出逢っ,1
翌日,1
市井,1
買い物,1
よろしく,1
^^」,1
互いに,1
うれしい,1
)■　,1
想い,1
経営,1
たぶん,1
原価,1
固定,1
儲かっ,1
財布,1
介し,1
彼ら,1
the,1
鎮座,1
白州,1
正子,1
桃色,1
可憐,1
アバンギャルド,1
カッコイイ,1
ページ,1
読み応え,1
参考,1
比較,1
コンセプト,1
冒険,1
持た,1
揺るぎなく,1
力強く,1
千尋,1
部屋,1
おやじ,1
!),1
屈託,1
すなわち,1
宿る,1
運送,1
誉め,1
とうとう,1
独立,1
手応え,1
喜び,1
出店,1
学び,1
想う,1
足り,1
神様,1
手綱,1
性分,1
決める,1
受ける,1
持ち前,1
あいまっ,1
ぐんぐん,1
王道,1
歩ん,1
たとえ,1
分かれよ,1
侠気,1
食え,1
クリスマス,1
デニーズ,1
店長,1
ビビり,1
いれ,1
どおり,1
つよい,1
やわらかく,1
へん,1
気取り,1
たのま,1
来客,1
すい,1
必須,1
飛びこみ,1
おもい,1
存分,1
浸り,1
種別,1
良し,1
悪し,1
すべからく,1
感性,1
かしこ,1
かよう,1
合わせる,1
要する,1
を通じて,1
向き合い,1
容易,1
スタンス,1
置き,1
ところどころ,1
メリハリ,1
持ち味,1
深く,1
楽しん,1
順次,1
サーヴィス,1
特殊,1
個々,1
抑え,1
肩肘,1
心地よく,1
両極端,1
反感,1
システム,1
拒絶,1
反応,1
禁じ,1
長らく,1
向か,1
喰妻,1
リラ,1
物言い,1
有無,1
言わさ,1
ニュアンス,1
力量,1
推し量る,1
予想,1
低い,1
フレンドリー,1
ソツ,1
確り,1
前述,1
独自,1
方針,1
本位,1
ご都合主義,1
じつは,1
気づか,1
進出,1
見当たら,1
開ける,1
真正面,1
ドン,1
氷蔵,1
見蕩れ,1
潤す,1
見計らい,1
徐に,1
擂り,1
拘っ,1
筆舌,1
手早く,1
ひと言,1
些か,1
不適切,1
毎日,1
当分,1
いお,1
閾値,1
遥か,1
然し,1
所要,1
至当,1
気骨,1
伸び,1
意気込み,1
ヒシヒシ,1
無論,1
当初,1
存ぜ,1
寝食,1
試行錯誤,1
知人,1
纏わり,1
付く,1
気持ち良し,1
飛ぶ,1
熟れ,1
気楽,1
見出そ,1
同意,1
わざわざ,1
困る,1
決まる,1
連投,1
あるいは,1
地図,1
マッピング,1
行い,1
具現,1
ライフスタイル,1
帰る,1
ガラリ,1
おかげ,1
オーダー,1
焼き付ける,1
その間,1
リズム,1
ミュージカル,1
終わる,1
座っ,1
ため息,1
ごめん,1
ベルト,1
受付,1
つながら,1
アナウンス,1
ひざ掛け,1
持ち帰り,1
本当は,1
にく,1
かみしめ,1
橋板,1
あいさつ,1
描く,1
食べれ,1
どうにか,1
小説,1
映画,1
近づく,1
切なく,1
一線,1
画す,1
知る,1
名作,1
切な,1
産まれる,1
気付か,1
いつい,1
だい,1
引き締まる,1
ｏｎｌｙ,1
それから,1
マン,1
手ごろ,1
手仕事,1
喜ん,1
貰う,1
初心,1
ってか,1
戻せ,1
戻っ,1
～　　,1
聞かさ,1
タブー,1
根こそぎ,1
ひんしゅく,1
ダイナミック,1
一通り,1
きく,1
よる,1
ねかせ,1
固かっ,1
来れる,1
宝くじ,1
当たっ,1
ふっくら,1
あんなに,1
記念,1
寄ら,1
自由,1
外れ,1
向い,1
がっちり,1
適し,1
上がる,1
降り,1
お手伝い,1
炊きたて,1
絞ら,1
むしょうに,1
ちょくちょく,1
飽きる,1
ひしめく,1
エリア,1
だいたい,1
ともに,1
両者,1
管理,1
卵焼き,1
配っ,1
ガッハッハ,1
喋る,1
きさく,1
明朗,1
