store_name,dinner_review
江戸前鮓 すし通,西麻布で一斉を風靡した、すし通。以前の名物大将が麻布十番に行かれて以来です。麻布十番では、週刊誌を賑わす長者番付で知られるアパレル会社社長と女性芸能人が文春報で報じられた時から、行かなければと思っていました。が、まだ。行ってみるかな大将！笑やはり抜群に美味しいですからね。私は一昔前、六本木でランチと云えば、村瀬とすし通がベストでした。懐かしの村瀬ランチ2000円、すし通ランチ4000円の時代です。ランチ営業は宣伝費と思ってますとの言葉通りに、両店ともに、六本木界隈を代表する鮨の名店となりました。さて、特別なメンバーとの特別なお任せとなりました。身を委ねるだけでしたが、なんとギネスに掲載されて20年以上、その記録が破られていないとある業界のリーダーです。寿司には本当にうるさい。笑が、やはりです。美味しいんです。嗚呼、なんとこの日を表現すれば良いか。楽しかったしお酒も美味しくて、写真で見返してみて、また行きたいなとしみじみ思います。ありがとうございました。
江戸前鮓 すし通,［注文］夜のおまかせコース［お店あれこれ］食べログアワード2019ブロンズ受賞のお店です。［感想］兄さん姉さんおつかれっす！子分です！今回も兄さん姉さんにオススメのお店あるんで、話聞いてくださいっす！今回は六本木にあるお寿司屋さん「すし通」ってお店の話っす！ここめちゃ有名店で、食べログアワードのブロンズにも選出されてんすよ！鬼ヤバっしょ！とにかく全てのレベルがヤバ高なんすよ！その中でも、印象深かったのはシャリの塩梅っすね！ネタによってシャリの握り具合、温かさ、赤酢白酢など酢の種類など細かく適したものに調整されて感じっした！パラっとほぐれて、シャリの一粒一粒が口の中に感じれるんすよ、これが職人芸ってやつなんすよ、カンペキ感服っすよ！そんでもって、ネタなんすけど、それぞれの味の濃厚さがイカツイんすよ！いつも食べてるものの3、4倍濃いんちゃいますかっ？って感じなんすよ！って思ってたらどうやら、ものによってはネタに熟成ってやつ施してるっぽいんすよね！皆大好き熟成っすよ！圧巻の味の凝縮具合っす！うまさの裏側には手間がかかってんすね！なんか、カッケーっすね！もはや全部絶品なんで、取り立ててここでは言わないっすけど食べたおすしの感想はちょびっと写真のとこに書いて、気になる物好きな兄さん姉さんはそっちぜひみてくださいっす！お店の感じも、もちろん高級感あるんすけど、活気ある感じなんすよね！変にかしこまりすぎてない所もステキっす！大将の高橋さんがすごい和やかな人柄でその辺も出てるのかもしれないっすね！すばらしいがいかちぃーっす！というわけで、鮨好きの兄さん姉さん！六本木「すし通」ここはマストっす！というわけで今日はこの辺で！おつかれっした！
江戸前鮓 すし通,階段を降りるとお店に入るまでの間に飛石と砂利が敷き詰められた和風のアプローチが。店内はカウンター席と個室があります。お寿司屋さんにしては広くて照明も明るく木の温もりが感じられる内装。メニューはコース24840円のみ。頂いたのは⚪︎もずく（下に桃、上にウニ）⚪︎ツバメウオ とてんじくだつ⚪︎めいちだい（ねっとり）⚪︎大トロ（握り。隠し包丁たくさんで滑らか）⚪︎赤むつの酒蒸し⚪︎トキシラズ（稲ワラで瞬間燻製。燻香がすごい）⚪︎コハダとふえだい 白酢⚪︎目鯛の塩焼き⚪︎車海老 赤酢⚪︎イワシクジラ（辛子で美味しい）⚪︎のどぐろ 赤酢⚪︎さんま（茗荷で）⚪︎新イカ 白酢⚪︎カニ 赤酢⚪︎ニシン⚪︎石なぎ 白酢⚪︎ゴマサバ 赤酢⚪︎赤身⚪︎すじこ 白酢⚪︎さば棒鮨⚪︎ムラサキウニ⚪︎とろたく巻き⚪︎穴子⚪︎海老⚪︎味噌汁⚪︎たまご品数多くてお腹いっぱい。聞いたことないような珍しい魚がたくさん出ました。握りは赤酢と白酢を使い分けて握っています。美味しいと思うものもあれば魚臭さがあり首をかしげるものもあり。特に抜きん出てる物もなく。うーん。私には残念ながらハマりませんでした。サービスは丁寧ですが半個室だったせいか入れ替わり立ち替わりで一生懸命に気を遣ってる感が出て過剰な感じがしました。
江戸前鮓 すし通,食べログ★4.10・2019年 bronze・2018年 bronze・2017年 bronze【江戸前鮓 すし通】さんにお伺いさせて頂きました。場所は、西麻布になります。六本木通りかた少し入った場所になります。外観は、地下1階なんですが、1階に暖簾、階段を降り、綺麗な日本庭園がありお洒落です。内装は、綺麗なカウンター席で高級鮨屋さんの雰囲気を醸し出します。個室も3部屋あり、良い感じですね。高橋進紀さんがカウンターのセンター中央に居られます。日本料理の名店、分とく山（インターコンチネンタルホテル東京BAY)さんの元料理長になられます。サブには、アメリカ帰りの明石さんが握られます。更にホールには、ソムリエさんも居られ、赤wine、白wine、日本酒と種類豊富でしかもpairingをして頂けます。好きな日本酒もあり大変助かりました。こちらは一斉スタートではありません。時間の調整をして頂けますので有難いですね。♦️新生姜、奈良漬け♦️雲丹、蓮根、トウモロコシ、枝豆♦️佐渡島産 アラ♦️浪人 鯵♦️生トリ貝♦️目鯛の漬け焼き♦️本鮪トロ握り♦️シンコ握り♦️北海道産 トキシラズスモーク♦️キンメ姫鯛の昆布締め♦️車海老の握り♦️ミンク鯨♦️胡麻鯖握り♦️新烏賊握り♦️毛蟹握り♦️生秋刀魚握り♦️鰯生姜醤油かけ♦️ノドグロ握り♦️中トロ漬け握り♦️蛸卵漬け軍艦   （タコマンマ）♦️蒸しただけ蛤握り♦️サワラ棒寿司♦️白甘鯛握り♦️雲丹握り♦️ネギトロ巻き♦️タレ穴子握り♦️卵焼き♦️お味噌♦️キャラメルアイス摘まみ、焼き物、握りなど交互にお出し頂けます。どれも厳選素材を美味しく料理して頂けますのでかなり美味しいです。シャリは赤酢になりますが、これほど強めではないですね。特筆すべきは、・ノドグロ握り・蛸卵漬け軍艦（タコマンマ）・サワラ棒寿司この3品が印象に残りました。・ノドグロ握りの塩加減、焼加減、素材の良さが当然のこと美味しさが格別です。・蛸卵漬け軍艦（タコマンマ）北海道の料理だそうです、すいません初めて食べました。これも中々の美味しさですね。・サワラ棒寿司確かな技術で見た目が綺麗で、味付けもちょうど良く、美味しく頂けます。場所も良く、まだ比較的予約も取り易く、値段も常識的な範囲内になります（バブル店ではありません）店全体からくる温かい雰囲気も、実に良いですね。個人的にはかなり好みになります。良いお店ではないでしょうか？
江戸前鮓 すし通,日比谷線六本木駅から西麻布方面へ徒歩約8分、この日は「江戸前鮓 すし通」でディナーでした。事前におまかせコースを予約して、18時にお伺いしました。まずは生ビールで乾杯♪雲丹の前菜からスタート！刺身は佐渡ヶ島のアラ、鹿児島のロウニンアジ、京都の赤貝。※写真撮り忘れここから握り本マグロ、トロから（気仙沼）こうなりゃ、冷酒にチェンジ福井の九頭龍を一合。そして、静岡県舞阪のしんこ気仙沼の鰹大分、天然の車海老長崎、メダイの塩焼き大分、白甘鯛冷酒、次の一合京都のまつもと「試験熟成」めぬけの昆布締め対馬のノドグロトキシラズ※稲藁で香りつけ根室のサンマまたまた、次の冷酒を一合北海道の上川大雪。鹿児島のスミイカミンクグジラのうぬすベーコンマグロ赤身気仙沼のマグロ調子のイワシ毛ガニハマグリカマスの棒鮨やなぎだこまたまたまた、次の冷酒へ兵庫県の農口尚彦を一合はだてのキタムラサキうにマグロの巻物対馬の穴子お椀追加で、山口萩の赤雲丹玉子デザートお腹いっぱい食べました（笑）そして飲みました（笑）ところどころ、写真を撮り忘れています。ご馳走さまでした！
江戸前鮓 すし通,食べログを見て初めて知ったお店です。今回は約1ヶ月前に電話をして、予約を取れたので伺いました。個人的に赤酢を使ったシャリが好きで、ここも赤酢を使用したお寿司も出るとのことで楽しみにしてました。ここのお店のカウンターは特徴的だと思いました。凄い店に来たなと感じます。笑大将さんもとても穏やかな人であり、居心地が良いです。接客は素晴らしかったです。コースは1人25000円。飲み物は比較的お高いと思いました。すし通オリジナルのビールもあり、それを一杯目にいただきました。なかなか独特の味です。店内にはソムリエさんもいるので、日本酒、シャンパンなどお寿司に合ったお酒を提供してくれます。お寿司はほんとに素晴らしかった。どれもほんとに美味しかったです。追加で6貫も注文してしまいました。ただ、会計はそれなりにします。今までで1番高かったです。笑  2人で11万円でした。味はほんとに最高級の4.8点でしたが、値段など全てを考慮すると4.5点以上は付けられませんでした。でも、ここは感動です。貯金して、また5年後くらいに伺いたいと思います！笑素晴らしいお店に出会えました。
江戸前鮓 すし通,熟成が効いた魚ばかりです！細かい包丁で舌に広い面積で当てる切り込み。 シャリ、素晴らしいです！同じシャリなのに赤身の脂にも、白身の脂にも合うシャリが不思議で凄いな？！ 赤酢と違う酢を使い分けたシャリかな？どうやってるのかなーとシャリの色を確認すると同じ。。聞いてみると、握る所に3種の酢を小鉢に置いてあり、握りのネタに応じて酢を使い分けて足してるとのこと、なーるほど！これらのシャリの使い分けが、魚種に応じた握りとして堪りません！特に赤身！ここまで寝かせない一歩手前の清涼感を少し感じるものも混じると緩急の幅が出るような気もするけれど、ピノノアールの赤と合わせるコンセプト故に難しいのかなーとか、ワインのことが分からないのに思ったりしました。個人的には、マリアージュは感じなかったけど、赤でも邪魔しない組合わせがあることが分かり、勉強になりました。次はロゼで試してみたい。美味しかった〜！ 開始から終了まで、1.5時間弱で完了します。夏にこんなに濃厚祭りを味わえるお店は、そうそうないと思います。熟成の極みによる旨味を存分に味わえる寝かせまくりなので、一度行くと暫くあけたくなりそうです。
江戸前鮓 すし通,上の子が旦那さんの実家にお泊り会。。。ただし我が家にはもう一人赤ちゃんがいます。。。まだ4か月でほとんど寝ているとはいえ子供は子供・・・。子連れＯＫな高級寿司屋さんが都内にあるのか？？っと探したらありました！！こちら、すし通はカウンターのほかにいくつか半個室があり子連れＯＫなお店です。場所は六本木通りから少し入った路地にあります。地下1階にあるのでベビーカーで行くとやや大変。でも美味しいお寿司のためなら＾＾ｖこちらはつまみと握りが交互に出てくるタイプ♪交互に出てくると飽きずに食べれていいですね。以下メニューです。１．ハマグリとホタルイカの煮凝り２．本マグロの大トロ握り３．ほうぼうと真つぶ貝４．くろむつ、こはだの握り５．めひかりの塩焼き６．甘えびの握り７．白魚のノリ醤油かけ８．金目鯛炙りの握り９．いさきのなめろう１０．赤身とすみいかの握り１１．平貝と蕎麦の実かけ１２．〆サバの握り１３．タコの柔らか煮１４．毛蟹の握り１５．とり貝の握り１６．白子の握り１７．トロとたくあんの海苔巻１８．うにの握り１９．穴子の握り２０．10種類の魚のあらでとった味噌汁２１。卵以上です。2番目に大トロが早速出てきたのはポイント高いです！！やはり空腹の状態で王道の握りを食べるってなかなかないですからね♪毛蟹や白子、雲丹を惜しみなく出すネタの大きさにも好感が持てます♪甘エビもぷりぷり感の中にエビの独特のねっとりとした甘みがあり素材の良さを感じます。ほうぼうがどれ位大きいかわざわざ持ってきてくれたりとサービスの良さもぴか一♪そして〆の10種類の魚のあらでとった味噌汁が一番印象的。これだけ色々な魚の味が旨みだけ抽出されたかのようなこの味噌汁。これとご飯だけで満足度マックス。日によって入れる魚が違うらしく毎日味わいが違うとのこと・・・。このお味噌汁は毎日でも飲みたい！！醤油いらずで一つ一つのネタにしっかりと味が付いており、ただただ子連れが入れるだけじゃなく満足度が高いお寿司屋さんでした♪
江戸前鮓 すし通,食べログの評価が4点を超えていたので、期待して訪問したお店。夜は2回転なので、１８時からと２０時半からのどちらかを選ぶ。今回は1次会だったので、１８時スタートで予約して５分前に店に到着したが、１８時まで準備の為と言われ寒空の外で待たされた。１８時と同時に入店したが、客はまばらだったので嫌な予感がした。担当の職人さんは淡々と料理を出し、料理と合う酒を聞いたら、うちには専属の酒のスタッフがいると言われ、酒を注文する度にその人を呼ばないといけない。鮨に合う酒位は板さんも熟知していて欲しい。全体的にこの店は分業で、自分の仕事以外はしないかんじだった。そして、予約の時に2時間入れ替わりと言われていたので、2次会を２０時半から予約していたが、２時間経った段階で料理が半分位しか出ていない。店もそんなに混んでいるわけではない。その後も板さんに何度も次があるので、あとどれくらいで料理がでるか確認したが、料理のペースは変わらず、食べ終わったのは２１時半前。これには流石にびっくりした。料理は普通に美味しかったが、酒も普通に飲んで３万オーバーだったので、満足度はかなり低め。銀座で鮨を食べて酒をたくさん飲んでも今まで３万オーバーは無かったので、久々に残念なお店だった。
江戸前鮓 すし通,六本木にある有名な寿司屋に行ってきました。六本木駅から徒歩で行ける好立地ですが、大きな看板があるわけではないので、夜は初見だと見つけにくいかもしれません。店内はいくつかの個室とカウンター席がある縦長のつくりで、余計な掲示物もなくかなり雰囲気がいいです。今回はカウンターでおまかせコースを頼みました。先付のウニもおいしいと思ったのですが、次に出てきた大トロ握りが絶品。熟成された鮪に隠し包丁が入っており、口に入れただけでほぐれて溶けてしまいます。コースのはじめから度肝を抜かれてしまいました。その後も工夫をこらされたおつまみや握りが出てくるので、食べるたびに感動です。金目鯛や牡丹海老が特に印象に残っています。接客態度もよく提供する料理についてもきちんと説明してくれるなど、サービス面でも文句なし。値段は相応にしますが、六本木の高級寿司屋であることを考えると、適正な水準だと思います。私が寿司屋に求めているものを高い水準で備えている素晴らしいお店です。ぜひ再訪したいと思いますね。
江戸前鮓 すし通,４月某日。久々にお鮨。六本木というよりほぼ西麻布。門構えからかなりの雰囲気が漂っている。ビビるぐらいいい感じ。温かいぬくもりなのですが高級感もアリ。店内はカウンター席とテーブル半個室席。最初に。このお店は味とかよりもサービス・雰囲気・お酒こちらの３点のレベルがかなり高いお鮨屋さんというのが私の見解です。おまかせで握りとつまみ・お椀を合わせて２３品ぐらいだったかな。もちろんお腹はいっぱいになります。ただネタはというともちろん不味くはないのですが一人単価３オーバーだともうちょい工夫と上質なネタを用意して欲しいかなっとの印象。しかし、お店の雰囲気。お酒の説明や出すタイミング、注文を伺う距離感ともに素晴らしいと思いました。接待とか、若いチャンネーと一緒に、、、とかには適しているのかな。この土地・食べログ点数・お店の雰囲気でイチコロだと思いますw半個室。個室席も３部屋ぐらいあったかな？！その点、使い勝手がいいのかもしれないですねー。ではー。
江戸前鮓 すし通,東京は西麻布にある寿司屋。きれいな店には、サービス担当の人がたくさんいるので、そちらの面で困ることはない。おまかせで出されるがままに食べていく。看板らしき、包丁を何度も入れたマグロに始まり、焼き物、椀物などいろいろ。どれも美味しくいただいた中で印象に残っているのは、マグロと、しっとり美味かったコハダ、程よい吸い地の椀かな。食事面、酒面で不満は特にないのだが、ここの店の不満は、二部制だ。サービス人員を確保して商売を成立させるためにはしょうがないか、とも思うのだが、この価格帯の店で、お時間です、と追い立てられるのはあまり気分のいいもんではない。一通り食べたあとに、もらってないものを聞きながら、追加したりするのが寿司屋の楽しみの一つなのに、それもできない。そういう意味での食後感がいまいちだ。一斉スタートの店なんかがそうなんだが、ゆったり美味いものを楽しみたいと思う人間には向いてないのだろう。ま、味はそれなりにいいけど、ここ行くのなら、もっと満足感高い店は他にいくらでもある。一斉スタートの飯屋とかが気にならない方はどうぞ。お奨めはしない。
江戸前鮓 すし通,縁あってお邪魔する機会に恵まれました。六本木と西麻布の中間にあるお店。これまでの人生で頂いたお寿司の中で、味・美しさ・驚き・サービス…それらすべてが間違いなくトップクラスの素晴らしさで、お店を出た後もしばらくは余韻から戻ってこられないほどでした。カウンター越しの説明や対応も程よい距離感で、あたたかみのある対応。それぞれのネタに対しての解説も丁寧で、ひとつひとつの品を大切に、それでいて豪快に楽しむことができました。シャリはほろほろほぐれ、ネタは時に分厚く、時に贅沢すぎるほど。思わず浮かんだ言葉は「おいしい罪悪感」…。こんなに贅沢しちゃってもいいんだろうか。こんなにおいしくっていいんだろうか。そんな気持ちでいただくお寿司は少し罪悪感を感じるほどで、その分何倍も何十倍も美味しく感じられました。甘くとろけてなくなってしまう大トロ、溢れんほどのボタン海老、たまらない金目鯛、ねっとりとした赤身漬け…。こうして思い起こしていても舌がお店を恋しがるほど、はっきりとした感動をいただきました。こんなに美味しいものを知らなかったなんて。改めて、世の中にはまだまだ美味しいものがあるんだと当たり前のことを実感した次第です。勉強させていただきました！ごちそうさまでした＊
江戸前鮓 すし通,すし通の名物大将だった、藤永大将が12月末で辞めるという話をマイレビュアーさんと食事していた時に聞いたのが12月初めの頃。すし通自体が独立してやっていたわけではないみたいだが、次の店に移るのなら、その店を聞かないと…と慌てて予約取って行ってきた。藤永大将は4月から5月くらいに、麻布十番にて開業されるようである。紹介制になるようだが、聞けて良かった。今回出て来た内容は、以下。・かさご酒掛け・3週間熟成の大間鮪の大トロ握り、50の隠し包丁・カラスミ・カツオの造り・熟成ボタンエビ握り・アマダイの茶碗蒸し・カジキ握り・メヌケ鯛の西京焼き・海苔が主役の貝柱・セイコガニ・ノドグロ握り・メカジキのオニオンソテー・フグの白子和え・キンメダイ握り・マナガツオ唐揚げ・海苔が主役トロタク・モリモリのウニ（通称、猫バス）今回はおつまみが多い内容だったと思う。私は握りが好きなので、もっと握りを多い比重にしてくれると嬉しいのだが。藤永大将の握りは口に合うので、次の店も当然通うが、このすし通も今まで通り熟成の内容で営業をするらしい。どう味が変わるか、一度は行ってみるつもりではいる。
江戸前鮓 すし通,西麻布にある「寿司通」名前どおり「寿司通」な知人に連れてきて貰ってから私の中で「東京寿司ナンバーワン」に君臨するお店です。このお店は技術、味、価格、サービス、そして素材、全てが素晴らしいと思います。とは言え、オープンしたての頃よりも芸能人などがテレビで紹介したため有名になってしまったので予約は多少とりずらくなりました。カウンターで丁寧に説明してくださる姿勢には感服。説明もなく黙々と寿司を提供する有名老舗店などもありますが、やはり本日のネタについての説明をしてくださると知識としても心も豊かになっていくので嬉しいです。テンポよく料理を提供しながらも、撮影を許可してくださる若いご主人の柔軟性にも感謝します。進化する寿司の研究で得た技術や知識を見せつつも、職人として素晴らしい仕事をし料理を提供してくださる姿は久しぶりに訪れても変わらずです。この日は特にボタン海老金目鯛本能が刺激され急いで口に放り込んだので写真はありませんが、デザートのような甘さで〆にでてきた山盛りのウニの握りが最高に美味でした。口に入れた瞬間にホロリと溶け、フワリと舌が宙に浮くようなシャリとネタの感動はこの店でしか味わった事がありません。日本酒もお料理と共にぐいぐいと進みましたが1名2万5千円くらいでしょうか。あまりの安さに驚きと、これでは他店に嫉妬されてしまうのではと心配になりました。また近いうち再訪致します。ご馳走様でした！
江戸前鮓 すし通,今回は六本木「すし通」さん。六本木にある、「粋」を感じれるお店である。僕みたいな若輩者でも、親切丁寧。そして、しっかりとしたこだわりと美味さへの追求。美味しいものを食べに来た人に対して、相応のものを提供する心意気。全てに対して妥協せず向き合っていることが伝わるお店です。もちろん金額は安くない。だけれども、何故その金額を提示しているのかがハッキリとわかり納得できるお店です！今回は、普段お世話になっている取引先との会食。普段からお世話になっているため、今回はこちらから招待しました！前から気になっていた、こちらのお店。楽しみであり、また敷居の高さを少し懸念していた部分もありますが、それは良い意味で打ち砕かれました！笑大将1人で全てのお客に対して目を配り、気を配り、心を配る。握るタイミングや喋るタイミングさえも、演出ではありますが、感嘆する。構成は、塩水うに本鮪カンパチのど黒の昆布締めあぶり岩牡蠣ボタンエビ天然うなぎさんまアワビの肝バターソテーシンコイワシの梅たたきクエの唐揚げしいか金目鯛の昆布締めウニそんな順番。本当は写真すら撮らず、握りたてを食べたい所ですが、せっかく来たので、写真を撮り、食べてから内容をメモする！笑連れには、握られたらすぐ食べろって言ってましたけどね！笑夏場は寿司は色々と難しいとは思うけど、大将も言ってましたが、夏場のオールスターの食材ラインナップ。それに、手間を惜しみなく加え握る。江戸前はやはりこうだよなーって♪( ´▽｀)もちろん大人になった自分もいるが、これを少しだけ理解できるようになった自分と、わかりやすく教えてくれた大将の懐の深さに感謝です！今度は冬場だね！笑また味わいに行こう！
江戸前鮓 すし通,2016年8月20時半利用久々の友達と食事をする事に！以前テレビで見てからすごい気になっていたお店。友人がここでいいよーって言ってくれたのでやっと来れました！この単価のお店に付き合ってくれる人はなかなかいない(⌒-⌒; )ありがたい！【店名】江戸前鮓  すし通場所は六本木駅から西麻布の方へ歩いた途中にあります、六本木ヒルズからなら3分位でしょうか。六本木通りから路地に入り住宅街の中にひっそりと暖簾があります。暖簾をくぐると地下に行く階段になっており、ここからすし通ワールドです(^ ^)素敵な和の造り。【店内】店内は入り口すぐに水琴窟があり水の音を奏でています。その為音楽は一切ありません。そしてヒノキのカウンター席、カウンターは僕達を入れ満席のもよう。カウンターの中には大将とお弟子さんがいます、大将のオーラが凄いです。個室もあるようですがどんな感じかは見えませんでした。注意点→写真は撮っても大丈夫ですが大将にひとこと言ってからにしましょう！隣の方が注意されてました。【料理】料理はおまかせコース23000円のみ提供順に・塩水うにこちらは熟成とかはなしの純粋の塩水うに、ただ普通の塩水うにより濃厚でぷりぷりです。・インドマグロ大トロ握り（熟成）この時期は海外産の方が脂のノリもあり美味しいのだとか、そこにさらに熟成を加えねっとりした旨味の強い味でした。・カンパチ刺身こちらも取れたてなのかかなりぷりぷりです！切り目が入れてあり少し違う食感でした。・のど黒の昆布締め炙り握り（熟成）こちらが本日の特筆です！のど黒を昆布締め熟成させた後にかなり大きめに包丁して炙ってあります。口の中に入れるととろけてなくなっていく感じです！こんなに美味しいお寿司を食べたのは初めてと感動しました！！！・岩牡蠣僕は生牡蠣が苦手であまり好きではないのですが大将が生牡蠣の臭みを極限まで消してあります！と言うので食べてみたのですが、たしかに臭くない！驚きです。・ボタン海老握り（熟成）こちらも熟成させて、ねっとりしていて海老の甘みが普通よりかなり強い！これにも驚きです！こんなボタン海老は初めてと思いました。こちらも特筆にしたいくらいの一品です！！・うなぎ焼きこちらのうなぎはかなりの肉厚でタレの味も強すぎないのでうなぎ本来の味を楽しめます。・鯵の握りこちらはこのお店で有名な100回包丁を入れた握りです。かなり細かく包丁が入ってるせいか口の中に入れるとすぐにほぐれる？ような感じです。・鮑の肝バターかなり大きめの鮑です、肝とバターのソースがかなり美味しく日本酒に合います。・シンコ握り江戸前の代表的なネタ、もうサイズが大きくなり始めですがまだまだ美味しい魚です。・さんまつまみもうさんまが出てるんですね！まだ脂のノリが足りないですが仕方ない事。つまみとしていける味！・トロたく軍艦巻きかなり熟成されてるのでしょうか、色が少しあれでしたが旨味がすごい！っていうより海苔がすごい、味が濃厚っていうんでしょうかね。・クエの唐揚げザ高級魚、淡白なのに弾力はすごいです。・しいいかの握りこちらもかなり驚きました！イカの子供らしいのですが、初めて食べました！こんなに柔らかいんですね！好きになりました！・金目鯛の握りこちらもかなり厚みの包丁で贅沢な一品！のど黒同様に口の中でとろけます！・うに握りこれはインパクトあります！っていうかこんなに盛り沢山(^ ^)大将みずから手に乗せてくれます！・ボタン海老と10種の魚のあら汁こちらで最後になります。色々な魚介の旨味が出てるのでしょう、深い味わいです、最後にほっこりします！【ドリンク】生ビールふすし通オリジナルビール970円があります、黒ビール系でコクとキレがあり美味しい。他にもプレミアムモルツ970円もあります！日本酒の品揃えも豊富でした。かなり満足できるお店でした！値段的にまだ通えるお店ではないですが、記念日とかに利用したいですね(^ ^)もっと仕事を頑張ってこういういいお店を月1回位は行けるように出世しよう！！！頑張ります！ご馳走様でした！！
江戸前鮓 すし通,地上の階段から地下のフロアに降りるが、なんとも雰囲気があって外観からして高級感プンプン。その店内はカウンター席が10席ほどと半個室のテーブル席が3卓ほどある店内。和の落ち着いた高級感と清潔感を感じる店内。カウンター越しに見える、木で出来た古式冷蔵庫が目立つ。寿司屋の握り初めのこの緊張感。そして、最初の飲み物を頼むまでの時間がなんとも言えなく良い。このすし通では創作寿司と言ったら良いのか、従来の寿司の枠を超えたお寿司を楽しめた。お寿司や一品料理はオリジナルの工夫や演出があって、エンターテイメントみたいな感じ。お寿司の遊園地みたいな。とありふれた比喩するとお店から怒られそうだ。お寿司と一品料理が交互に出てくるタイプのお店で、最初は名刺代わりに名物の隠し包丁が沢山入ったマグロが出てきた。説明して貰ったが申し訳ない、何本包丁を入れたか忘れてしまった。その隠し包丁もあって口の中でフワッととろける。ただでさえネタが良いのでなおさら。そして、途中で、つまみとして出てきたカラスミが個人的には一番好きだった。こちらのオリジナル処理をしたカラスミらしく、たらこをずーっとかじってるような感じ。卵の粒粒を感じながら、カラスミの香りと少しの苦みなどを感じられる。酒のつまみには最高。ずーっと食べてたい。他にもたくさんのお寿司や料理を頂いた。どれもネタはもちろん色々な工夫されてて美味しかった。握りでは漬けマグロは美味しかった。マグロの酸味が強調されてワサビの辛みとよく合い鼻を抜ける香りが美味い。最後は〆の雲丹の握り。これでもかと言うくらいのバフン雲丹をシャリの上に乗せて頂く。甘い。そして、磯の香りが口に広がって美味しい。贅沢の極みである。やはりお寿司と言うよりはエンターテイメントを楽しむと言ったお寿司屋さんと言う印象。美味しかったです。
江戸前鮓 すし通,"滅多に行けない東京で、2012年の初訪問以降日本一のお鮨だと思っているこちらへは今回5回目。関東美術館巡りの日を決めて一番にすることは、すし通さんの握りランチと門前仲町の絶品フレンチ、シャテールさんのディナーの予約です。　すし通さんの予約は前回以降も何度も挑戦しましたが、休日は2ヶ月前でも取れなくなってしまっていて、2016年5月に伺いましたら土曜日は3ヶ月先まで満席とのこと。今回ようやく平日の握りランチの予約が2ヶ月前にできました。　握り数の多い11種5,500円を。税込5,940円ですので、2012年にお邪魔した時から表示を税別にされただけで変更なし。驚愕の良心的なお店です。その日の内容は、　大トロ、クエ、鮑（ヘソ）、シマアジ、ホタテ、時知らずのづけ、赤身のづけ、炙り金目鯛、白えび、カニ、ウニ。それに相変わらずブイヤベースのお味噌汁とデザートのタマゴ。　相変わらず感動ものの握り、まさに求めている「鮨」でした。軍艦に変えられていたネタや、大将が「お化粧してやんなきゃ」とされていた隠し包丁・飾り包丁の入れ具合が少し変わってしまったように感じたネタもありましたが、おそらく、営業時間中は忙しくなりすぎてひとりずつ手渡しなどのパフォーマンスができなくなってしまったり、極力仕込み時間で済ませて置かれたりになったからかと推測します。　しかしながら、出来上がりは8％課税されるだけで2人で12,000円弱。この破格のお値段で究極のお鮨をいただけるのですから大満足なことには変わりなしでした。　その日も予約で満席でしたが、平日の12時前のカウンターは3割ほどで、入店から30分弱でお店を出て、非常に口（幸）福な気持ちで国立新美術館へ向かいました。　大満足しましたが、芳醇な海苔の梅巻きをまた食べたいと食いしん坊な私は思っています。[2015.3]　やっと、やっと、久々に予約ができました。ランチメニューは、バラちらし（3,780円）と、握り11種（5,940円）と8種（3,780円）の、３つに変化していました。お値段は相変わらず税・サ込み。今回はずっといただいてみたいと思っていたバラちらしをいただくべく、2名でバラちらしを１つ、握り8種を2人分予約をして平日の12時過ぎにお邪魔しました。バラちらしがあったので今回は少し長居で入店から40分ほどでお会計。相変わらず満席ですのに流石です。　バラちらしはわざわざ2つに分けてご提供くださって感激。美味しいだけでなく想像以上にプチプチ・コリコリなどなど食感も楽しく、量は多いのに最後まで全く飽きずにいただきました。　握りは、トロ、カワハギの昆布じめ、ホウボウ、平目、づけ等に、芳醇な海苔の梅巻きと定番の滋味深いお味噌汁。全て、いただくたびに唸るほどの美味しさですが、特に塩焼きされたのどぐろ、肉厚のホタテ、シマアジには感嘆しました。なお、11種には、ウニ・蟹・白えびがプラスでしのたで、8種よりも断然11種がお得だと思います。　バラちらし1/2とでお腹13分目、夕食を抜いたほどです。絶品バラちらしも捨てがたいのですが、やはり大将の握りが素晴らしいので、次回からは握りの11種でお願いすると思います。〔夜（2013年8月）〕　夜は“仕入れにより変動するお任せ料理（目安は@2万円）”のみとのことです。　1ヶ月前に予約をして2名で19時過ぎにお邪魔しました。テーブル席も含めて満席でした。　お刺身・焼き物・揚げ物などを含む数々の一品料理と大将の絶品握り鮨を織り交ぜて提供くださいます。お鮨に玉子と巻物は入っていませんでしたが、締めはデザート（2種類の手作りアイスからの選択）で、美味しくたっぷりの量に大満足しました。入店から1.5時間弱で食べ終わり、満腹になりました。　出来上がりは45,000円強。後で伺いましたらその日のお料理は税抜き@21,000円と付き出し@500円とのことでした。私の好みとしては大将の握りが分断されないお昼のコースの方が満足度が高いですが、お昼とは違った“流れ”を楽しまれたいセレブな方には夜もいいのかもしれません。　ちなみに、5月に伺っていました「玉子」はまだ変わっていないそうです。〔12,600円の握りランチ（2013年5月）〕　１ヶ月ほど前に２名で休日の11:30から12,600円（税込）の握りを予約をしてお邪魔しました。オープン前に到着しましたら、お店前に出されているお品書きボードに“握りは売り切れ”の旨の張り紙が。早く予約しておいて良かったです。　前回いただいた握り11種が素晴らしかったので、今回は16種いただけるランチにしました。相変わらず素晴らしい握りの数々。パクパクいただいて16種と汁物を30分弱で平らげてしまいました。詳細は前回のとおりですので割愛するとして、今回のランチの特長的なことのみメモします。　ネタは11種のものよりも更に豪華なものや長期間締められ芳醇に開花したもの、数種類の海老や烏賊で食感やお味の違いを楽しませてくださったり、同じネタを生と炙り（“炙り”などと軽軽に言えない超絶の火入れ）で提供くださったりと、数が多い分、満足度は当然にアップ。が、あの絶品・梅巻き（巻物）がついていなかったことだけは残念でした。他の方に出される梅巻きを見ていましたら、半年前にいただいた香り高い海苔といい塩梅の梅味が甦って追加したくなりましたが、お客様がどんどん入ってこられて引っ切り無しに握ってらっしゃる大将にお願いできず、次回は必ずいただこうと決心しました。　「次回は違う玉子を出してやるよっ」と大将。スイーツにも勝る上品な今の玉子は卒業されるとのこと、素晴らしい玉子なので少し複雑な気持ちですが、相変わらず研究に研究を重ねていらっしゃる大将渾身の逸品になるに違いないので楽しみにも思います。　また、「バラチラシも美味しいんだよっ」とのこと。一から作られているのを見ていましたら、こちらもかなりのボリュームとお見受けしました。めったに来られない東京での貴重な１食・・・日曜定休の大将の握りのために来ているのでこれは要検討事項です。　前回メモし忘れましたが、こちらはサービス料無しです。大将の目配り・お心配り、そしてスタッフのお茶の注ぎ足しなど心地よいサービスを鑑みますとこれは破格だと思います。　雲丹や蟹は思わず目を見張る豪勢な形状ですが、こちらの場合はシャリにネタが負けない絶妙なバランスを実現するためであり、決して奇をてらっているわけでないことを改めて認識・感嘆しました。やはり、私の中では一番のお鮨やさんの地位揺るがずでした。〔5775円の握りランチ（2012年10月）〕　森美術館から国立新美術館へ行く間にランチとして、２日前に電話で予約（２名）をして休日の12時頃にお邪魔しました。私達の後すぐに、おふたり様（握り）、お魚定食のおひとり様、すっと個室に入られた数人のお客様がいらっしゃいました。　ランチは、3675円・5775円・12600円の握りと1575円のお魚定食、3675円のバラチラシがあることを事前にチェックしており、予約時にメニューを決めておいた方がいいとのことでしたので、5775円の11種の握りをとお願いしていました。　席についてホッとしたところで甘味があって香りのいい美味しいお茶を出してくださいました。何も言わなければ温かいお茶をすっと出してくださるところ、さりげないおもてなしで嬉しいです。　大将が「まずは名刺代わりに・・・」とおっしゃって１種。この台詞とお味にいきなりしびれました。さすが江戸前！と感嘆していますと、「うちは江戸前の進化版って思っていただいたらっ。」とのことでした。　いただいた握りすべてのネタに、お味や隠し包丁・飾り包丁などなど丁寧なお仕事が施されていて、美味しさだけでなく口の中でほぐれたり波打ったりと様々な食感をも楽しませてくださいました。　シャリは小さめでネタとのバランスが絶妙。お米・お酢とも大将がブレンドされていて、その配分を惜しげもなくお話くださいましたが書くのは控えます。これ以上ないというピンポイントの酸味と甘味と硬度だと思いました。　握りの途中で出してくださる汁物は、具は入ってなく数種のお魚からお出汁をとられたという旨みが詰まった濃い１碗。「ブイヤベースみたいなもんだっ」とおっしゃる大将のお言葉に２度大きく頷きました。　握りが終わるときめが細かく絶妙な甘さと弾力のある玉子をアテで、最後は梅の細巻きです。ケーキ作りが趣味とおっしゃる大将、玉子は「研究を重ねたらカステラみたいになっちったよ」と照れ笑い。梅巻きにされている理由は、絶滅危惧種の高級海苔の味がわかるようにとのこと。味でも香りでも触感でもぽってりとした深みのある海苔の美味しさをひしひしと感じる究極の締めでした。　最高の素材を使って手間も時間も全く惜しまず大将ご自身の力の限りを投入されている大満足のコース。実際、5500円＋税で食べられるものではないと思います。大将のお商売に対する考え方などを伺っていて、採算を度外視される部分が多くある（多すぎる？）と思いました。　大将のしゃべり方が粋な江戸っ子風（江戸っ子の知り合いがいませんので正しいかはわかりませんが）で素敵でしたので「ずっと東京ですか？」と伺いましたら、「ここの前は台湾にいたんだよっ」と台湾ＴＯＰのお抱え寿司職人をされていたことや、お魚の繊維を調べ尽くしての下準備のことなど勢いあって気持ちのいい江戸っ子弁（？）でお話くださいました。その間全く手は止まらず、見事な包丁捌きや道具使いを披露くださいました。大将はネタを「この子たち」と呼ばれ、「この子たちを綺麗にお化粧してやんなきゃなんねぇだろっ。たくさん殺生するんだから。」と。光り輝く中トロに深く細かく隠し包丁を入れられ更にキラッキラに美しくされるシーンなどにも敬服しました。　東京では数件しかお寿司屋さんに行った事はありませんが、これほど丁寧なお仕事をされているお店は初めて。私が普段関西でいただいているのは「“刺身寿司”ってんだっ」とのこと、なるほどです。お寿司にこれほど篤い想いを持った大将が作ってくださるランチは最高でした。"
江戸前鮓 すし通,119/250ハツブログを見てくれている方々はお寿司が好きなようで、記事のランキングの上位が寿司ですｗ今日もステキなお寿司屋さんをご紹介します。西麻布にある「すし通（すしつう）」。六本木と西麻布のちょうど間くらいにある、こちらのお店。高級感のある暖簾がドキドキします…。静かな通り沿いから地下のお店に入ると、広々としたカウンター。12席あるカウンターと、個室がいくつか完備されているので会食やお祝いにもオススメです。カウンターのお客さんは意外と若い人も多く、大将のファンが常連さんになっているみたいです。まずは、シャンパンで乾杯。カウンターの目の前から、大将が次々とお料理を出してくれます。こちらのお店も、握りの前にたくさんの前菜を楽しめるスタイル。お寿司と一緒に楽しむ、生姜やワカメ、ガリ。なくなると次々に足してくれますｗお料理は、雲丹の湯葉巻きからスタート。続いては、和歌山の本鮪。これが大将の名刺代わりなんだとか！50本の切り込みがとっても丁寧に入った、美しい一品。次は、真っ赤なお椀。中には、蛤のお吸い物。白く濁ったお吸い物は、しっかりといいお出汁が染みています…。驚いたのはこの大きなカラスミの塊！　自家製だそうなんですが、まるかじりするんですよ！日本酒をちびちびと頂きながら、カラスミをちょっとずつ楽しむ、なんという大人の楽しみ方。ということで、もちろん日本酒をお願いしました。次の握りは、ボタン海老。最高のねっとり感が絶品なのです。カンパチはお刺身で頂きます。厚みがあり、脂が乗った食べ応えがあるカンパチです。珍しい、蒸した蛍烏賊の軍艦。あいなめは木の芽焼きでしっとりと。艶やかな、コハダ。温かい器には、鰆のキノコ餡かけ。とろみのあるきのこの餡が、シンプルな鰆に良く合います。目の前で切られているのは、青森産の帆立です。この厚み！シャリが見えないくらいにたっぷりです。日本酒がどんどん進んでしまう。真鯛はトマトと一緒にサラダ仕立てで。絶妙に火が通って甘みが増したのどぐろ。昆布締めにされているものを、さらに塩焼きしています。こちらも美しい、鮪の漬け。この曲線がたまらないですね…。天ぷらも楽しめます。この日はキスの天ぷらを。それに続くのは、金目鯛の昆布〆。タレをかけずにシンプルに頂く、穴子。そして大将から手渡しされる、極上の雲丹。すぐに崩れてしまうくらいに、ほわほわなので手渡しです。たっぷりお寿司を堪能したおなかには、お味噌汁がやっぱり染みる。日本人でよかったなぁ〜と思う瞬間ですねｗ気さくな大将と、美しく斬新な握りと料理の数々。常連さんが多いのも納得ですね。またぜひ食べに来たいお店のひとつです。ごちそうさまでした。
江戸前鮓 すし通,この日のお目当ては、熟成鮨で名高い鮨の名店。西麻布にある「江戸前鮓 すし通 」。水琴窟の音色と共に、評判の鮨を存分に味わう。（お料理）・甘鯛真砂和え（つまみ）⚪︎・白瓜（つまみ）⚪︎・沖縄産 大トロ（握り）⚪︎　名刺代わりにと、この店定番の品。　沖縄産 190kg を２週間熟成させ、50以上包丁を入れ丁寧に繊維を除去したもの。　口の中に入れただけで鮪の風味が広がり、数回の咀嚼で儚く蕩けて消えていく。・カンパチのカルパッチョ（つまみ）⚪︎・蒸し黒鮑（握り）⚪︎　：驚くほど柔らかく、ジューシーな鮑。　　食感は捨てて、旨味に特化した品。・アオリイカ雲丹焼き（つまみ）⚪︎・牡丹海老（握り）⚪︎　：３日熟成。　　敢えてシャリとのバランスを崩し、巨大な鮨種を前面に押し出した一貫。　　身はプリプリしながらも、ねっとりした食感で、充分に旨味を引き出している。　　噂の熟成香も、この日は気になるような臭みはなし。　　絶妙な熟成具合の見極めで、相反する要素の調和が取れた一品。　　・ミル貝 とちゅらもずく（つまみ）⚪︎・喉黒昆布締め塩焼き（握り）⚪︎・半生からすみ（つまみ）⚪︎・イサキさんが焼き（つまみ）⚪︎・鰹漬け（握り）◎　風味、脂の乗り、滑らかさ、熟成具合、全てが抜群の逸品。　思わず感嘆の吐息が漏れる。・鼈のしぐれ煮と白和え（つまみ）⚪︎・春子（握り） ⚪︎・鮎魚女のオランダ煮（つまみ）⚪︎・トロ軍艦巻き（握り） ◎　：叩いたトロと沢庵を軍艦巻きにしたもの。　　親方が海苔が主役と言うだけあり、風味豊かな旨い海苔。　　こんなに旨い海苔は鮨 とかみ以来。　　沢庵も少し大きめに刻み、より食感を楽しめる。　　すし匠の ”おはぎ” を更に洗練させたような逸品。　　。・鱧南蛮焼き（つまみ）⚪︎・金目鯛昆布締め塩焼き ⚪︎・穴子（握り・塩）◎・雲丹 ⚪︎・小鰭 ⚪︎　比較的マイルドな酢の利かせ方で、身は柔らかく、小鰭の風味が存分に楽しめる。・富山産 白海老 ⚪︎　少しタネ温度が低い印象。・ズワイガニ ⚪︎（日本酒）・越前岬 Stark Kaiser シュタルク・カイザー 純米生原酒（福井　田辺酒造）・春鹿　純米 超辛口（奈良　今西清兵衛商店）親しみやすく、サービス精神旺盛な藤永親方。スタッフの方々も表情柔らかく、一見客でもこの店の居心地の良さが感じられる。熟成鮨の名店は、何とも和やかな雰囲気に包まれた鮨屋であった。7・8月は四万十の鰻が楽しめるとのこと。次の訪問が楽しみである。
江戸前鮓 すし通,初めてのすし通。熟成の有名なお店…行きたくて1ヶ月前に予約をしました。予約時に握りの11貫とばらちらしを注文。緊張のあまり食べログを全部読んでしまいました…思ってよりも賛否両論なんですね〜…予約時の11時30少し前に到着。まだ暖簾が出ていないのでそばをプラプラ…すぐに中からスーツの男性が出て来て予約名を言うとそのまま中にエスコート…大将の目の前に…取り敢えずはこだわりビールで乾杯！他には誰も居ないので貸切状態…静かにスタート。まずはトロ。握りは小さくお上品、すぐに溶けてなくなりました。その後もタイミング良くバンバン出てきます。全てにこだわりを感じますね〜…途中で出てきる椀ものは美味しですね〜！握りが終わったらばらちらしが始まります。ばらちらしにはきゅうりが入っていて食感が一段と良く感じます。わん物は付きません…トイレの中は綺麗で爪楊枝とか色々な物が有りますが、除菌クリーナーが有れば完璧！お見送りも階段を上がって最後までお辞儀をされて素晴らしいですね〜…結局写真が撮れず最後に一応外観を撮ってみました！唯一の欠点は寒すぎです…
江戸前鮓 すし通,伺ったのは2年ほど前なので、当時の大将は既に違うお店に移動してしまっているみたいですが、写真を整理したら美味しそうだったので食べログに投稿です。最初に「挨拶代わりです」と言って出てくる大トロで先ずノックアウトされました。50本の隠し包丁が入っている30日熟成させた中トロという口上を聞いてから口に入れるのですが、熟成された中トロの旨味。脂のトロケ具合は今でもよく覚えています。これは最高に美味しい中トロです。お寿司と一品料理が交互に出てくるスタイルなので、飽きさせないし、コース料理自体にしっかりとしたストーリーを感じさせてくれることが出来ます。フレッシュな刺身が出てきたと思ったら、その後、同じネタの熟成寿司が出てきたりするのです。そういった食べ比べ的な面白さも味わえるお店です。熟成寿司と旬のネタを上手く織り交ぜたお店で、大将の「熟成寿司は江戸前寿司の進化系」と言ってた台詞が頭から離れません。ちなみに大好きな雲丹はものすごいボリュームで提供されます。この量はヤバイです。口の中が雲丹の甘味で全力で一杯になるのです。実に満足のお寿司でした。
江戸前鮓 すし通,六本木のお鮨屋すし通美味しいと噂の、すし通さんに初めて来店カウンターの中央席に、３名で席を用意して頂いていましたが私以外の２名が、予約時間より１５分くらいふじながさんが大将の時に遅刻してしまいました。そのせいもあるのか？お寿司の写真を撮ろうとしたら注意を受け、お料理の撮影NGのお店もあるからお断りしてから撮影すれば良かったと反省はしつつも、雰囲気が重くなり私たちのテンションは、下がりました。お寿司は、どれもすごく美味しかったですやはり、怖いお鮨屋は苦手だなぁ〜素材、味付け、鮮度、握り、全てパーフェクトでも、雰囲気や接客が重要！そうでないと美味しく味わえないですねこの日は、シャンパン、白ワイン、赤ワイン高いボトルを入れたので、大将も後半はご機嫌な感じでしたが、また行きたいとは思いませんでしたが、現在の、すし通さんには、また行きたいですお寿司、すしネタは、全て美味しかったです。
江戸前鮓 すし通,西麻布にある熟成寿司専門店、すし通さんをご存知でしょうか？名前の通り、通の方に好まれる寿司を出すことで有名なお店です。どのようにすれば魚が一番美味しい状態になるのか、どう包丁を入れれば口の中で一番美味しい舌触りになるのかを、大将である藤永さんが常に研究し続け、辿り着いた答えが熟成と隠し包丁だそうです。一般的な方法じゃないかと思うなかれ。魚の繊維がどのように走っているのかを調べるために、顕微鏡で細胞の構成を確認したりするそうです。熟成も、あと一日過ぎたら不味くなるというギリギリを見極めるため、理科や化学の実験染みたことまでするのだとか。ここまで来ると、寿司における分子ガストロノミーではないかとすら思います。藤永大将の研究の果てが、現フレンチの巨匠 ピエール・ガニェールが辿り着いた調理法と共通してくるとは実に興味深い。洋の東西を問わず、美味いものへ辿り着く境地は似通るのかなと感じました。今回は私が予約を入れたわけではないので聞いた話になりますが、予約を入れる際に、熟成寿司のお任せコースか、バラ寿司かを選ぶことが出来るようです。熟成寿司はその名の通り熟成の期間があるため、キャンセル待ちが出ない限りは数週間先から一か月以上先の予約待ちになることも多いのだとか。この日は、熟成寿司のお任せコースをお願い致しましたが、友人が予約したのは3週間以上前とのこと。お任せコースは、握りとつまみを交互に出してくる流れになるそうです。やったー！私の好きな寿司の流れだと笑みが零れました。ガリとワカメは着席前に配膳されていたので、とりあえずお酒を注文。お酒が来るタイミングを見計らって、藤永大将が「今日は宜しくお願い致します！こちらは14日熟成のホンマグロに50の隠し包丁を入れた大トロです。まずは、私の名刺代わりにどうぞ！」と、一貫差し出してきました。その後、他のお客さんにも同じ言葉をかけながら同じように出していたので、これは必ずやる導入みたいなものなのでしょうね。とりあえず、この50の隠し包丁を入れた大トロというのがすし通の代名詞みたいなものであるのは知っていました。それが最初から出て来るなんてと思いながら、口に入れると、舌の上でふんわり溶けたじゃないですか！味わう間なんて有りませんでした。噛んでいないわけではありません。たぶん、舌と歯に当たった瞬間に崩れて喉の奥に行ったのだと思います。本当に、溶けたかと思ったほど。これは美味しいわぁ…。その後に出て来たのは、アマダイのウニ和え。このアマダイは熟成とかはしていないと思うのですが、ウニの味よりもタイの旨みが濃いなと思いました。次は和歌山産のシマアジの刺身。アジの王様とまで言われるだけあって、脂の乗りは最高。食べ終わるや否や、直ぐに出てきたのはボタンエビ。三日熟成させているそうで、普段食べているエビよりもねっとり感と旨みが強いものでした。以下、その後に出てきた順番に書き出します。・太刀魚の味噌幽庵焼き・カワハギの肝乗せ握り・セイコガニの身と卵和え・ぶり握り・真サバのみぞれ煮・ノドグロの昆布締め塩焼き握り・トラフグの白子焼き・鮭児の握り・ホタテのオニオンソース掛け・佐賀県産、献上海苔のトロたく・九会の唐揚げ・漬けマグロの握り・金目鯛の握り・ウニ握り・アナゴの握りどれも素晴らしい握りにつまみでしたが、一際存在感を放っていたのは、カワハギでしょうか。カワハギの肝乗せは有名な食べ方ではありますが、今回のカワハギは肝を醤油で溶いてジュレにしたものを身に乗せています。「この形で居られる時間は短いんだ。手の上から取って食べてくれ」と大将が差し出して来たのですが、しゅわっと溶けました。見た目と食感はが全然違っていて、この食べ方はすし通でしか出来ないのだろうなぁ…と深く印象付きましたね。ぶりの握りは見た目、全くぶりに見えず。食べても、トロ？と勘違いしてしまうほどの脂の乗り具合に、「今食べたのはブリだよ」の言葉を聞いた時は衝撃が走りました。ノドグロの焼き具合、塩加減は最高の一言。金沢で食べたノドグロが何だったのかと感じるほどの脂の乗りと、熟成したことによるとは思いますが、旨みを感じる握りです。食べていて思たことですが、すし通はシャリも美味しい。シャリは赤酢で固めなのですが、この固さと赤酢の酸味が、熟成して濃厚な魚の身と合うのかもしれません。もうね、美味い以外の言葉が出てこなくなる唯一無二の寿司が頂ける場所として私の中で位置づけされましたね。個人的には、ミシュランの星付きに選出されてもおかしくない店だと感じました。ここまでつまみも握りも美味しいと、酒が水のように進んでしまいます（笑）二人で6合ほどは飲んだでしょうか。料理と合わせて、お会計は6万と少しくらい。決して安くはありませんが、この唯一無二の寿司を頂けるなら、納得出来る金額です。あと、他のレビュアーさんも書いていることなので私も記述しますが、このお店は大将のパフォーマンスも込みで楽しむ所です。私たちは一番端の席だったので大将から積極的に話しかけられてはいないと思いますが、それでも、かなりの会話をしました。職人から話しかけられるのは苦手だなと感じる人には向いていないので、予約時には注意が必要です。
江戸前鮓 すし通,分子ガストロノミーだと呼ばれている鮨。これまでこういう握りを食べたことがあるかといえば、一度だって無いし、鮪の繊維を除いてだとか隠し包丁がどうだとか技巧へのこだわりはしっかり伝わる。でも鮨が食べたいという極めてシンプルな欲求への応えでは必ずしもないかもしれない。50本の包丁目ゆえに「ムースのような」蕩け具合（と評価されている）のトロは、舌の上でもたつきを感じる。裏側だけに18本入れたという烏賊はペチペチして噛んでも噛んでも落ち着いてくれない。タネとシャリが8：2だというズワイ蟹は、そのバランスの理由や利点がわからない。ロジックがある握りならばなおのこと、何故どのようにベターなのか、うんちくに頼ることなく口の中で展開するストーリーがないものだろうか。「伝統の再構築」というよりは、創作鮨だと思った。入った瞬間から落ち着かない居心地。大将は、客に美味しいものを食べて欲しいとか鮨を楽しんで欲しいなどといった気持ちよりも、自分の信念のために握っているのだろう。その意味では学者や研究者ならではの態度なのだと思う。小僧さんたちは笑顔も無くホスピタリティも感じさせない。大将の手伝いだけしているという感じで、お店と客の一体感があるとすればその蚊帳の外にいるような存在感。目線、口調、表情など、鮨そのもの以上に職人のそういう細かい部分を見ている客だっている。飲食店はあくまでもサービス業、そこが抜けているお店はセルフアウェアネスを一度見直したほうがいい。シャリとお椀、美味しかったな。
江戸前鮓 すし通,"久々にすし通でランチにぎり。新イカのゲソなど期間限定のネタなどを楽しみました。傍で作ってるばらちらしがあまりに美味そうだったので、今月ランチでもう1回来ます。----------------先月のランチに続き、今回は夜訪問。夜は基本おまかせのみのようです。おまかせは、つまみとにぎりが交互に出されるスタイルです。この日はつまみ9品、にぎり12貫（1貫はおこのみで追加）が出てきました。つまみも確かにどれもハイレベルではあるのですが、やはり夜もにぎりのインパクトが強過ぎて、できればつまみはなしで、大将の握りだけを20貫とか食べたいというのが本音かも。この日、印象に残ったのはこの季節しか手に入らないという巨大な生とり貝。身の厚さ、旨みの凝縮度合い、こんなとり貝は他で食べたことありません。それと、ボタンエビ。大将曰く「海老の3要素、甘み、ネットリ感、プリプリ感のすべてが楽しめるように熟成させました」とのこと、確かにその通りでした。もう1つは鰹のヅケ、鰹の生臭さを消して、旨みだけを引き出してて、食感含め何も聞かず食べたら鰹とわからないかもしれない1貫でした。次はまたランチかなぁ（2週間先まで予約埋まってるらしいけど）。------------------西麻布、六本木通りから少し入った路地の地下1階にある、江戸前鮨の”求道者”たる大将が握る寿司屋。ネタの熟成はもちろんのこと、食感を良くするための隠し包丁やネタのポテンシャルを最大限に引き出すにぎり方など、伝統的な江戸前鮨の手法を大事にしつつも、自身で新しい寿司の境地を開こうとしている、適切な表現が思い浮かびませんが、さながら新興宗教の総本山のような、そんな寿司屋です。夜は、つまみとにぎりが交互に出るスタイルで、1人だいたい25,000円くらいの高級店なのでそう頻繁には行けないですが、ランチは8貫3,000円、11貫5,000円のリーズナブルなランチにぎりが用意されているので、まずはランチを伺ってみて、良ければ夜も行ってみるというのが良いかと。自分も夜は、ずいぶん前に一度行ったきりだったので、予約の取りやすいランチに訪問。予約時に11貫のにぎりコースを頼んでおきました。連休の合間ということもあり、カウンターもだいたい8割くらいの入り、結構女性のお一人様が多かったですね。カウンターは12席ありますが、大将が右へ左でリズミカル移動しながらゲスト1人1人の前にお寿司を置いていきます。自信の握りなので、やや説明が多めではありますが、そんな嫌みなレベルではないと思います。この日のおまかせ11貫は次のような流れで。1貫目 熟成大トロの炙りヅケ2貫目 スズキ3貫目 金目鯛の塩焼きにぎり4貫目 塩穴子5貫目 赤身のヅケ6貫目 シマアジ7貫目 ズワイ蟹のにぎり（蟹8：シャリ2）8貫目 新潟産のエビ（名前忘れましたが、なんでも痛みの早い海老らしく、地元以外ではなかなかお目にかかれない海老とのこと）9貫目 中トロ10貫目 白海老11貫目 雲丹のにぎり※写真なし（手渡ししてくれますが、うまく受け取れるかどうかで常連度わかるかもｗ）締め 玉子ズワイ蟹、白海老、雲丹は「えっ？！そんなに」っていうくらいどっさりとシャリに乗せて、というかシャリが隠れるくらいな感じで握ってくれます。この辺は伝統的な江戸前の「粋」とは一線を画す、こちらの真骨頂かもしれませんね。いずれにせよ、この内容で5,000円（税・サ別）はかなりおトク感ありますね。近々また夜も行ってみたいと思います。"
江戸前鮓 すし通,よく雑誌で見かけていたすし通さんにお昼を食べに行くことにしました。予約は２ヶ月前から受付と言っていたかな？お店でそんなことを言っているのを耳にしました。しかし電話をした時は知らなかったので完全に出遅れで握りのランチは売り切れ。今回はばらちらしにしました。お店に行くと一人で訪問にも関わらず個室へ。ばらちらしの客は個室のようです。ゆっくりできて良い感じですね。すぐにばらちらしとお味噌汁が運ばれてきます。ばらちらしはウニがたくさんのっていました。ウニ好きとしては嬉しい限り。他のお魚もとても美味しかったです。そして、特筆すべきはお味噌汁ですね～かなり贅沢に作っているとか…何で見たのか忘れましたが。お味噌汁だけ飲めるなら飲みたい。さて、帰りですが個室から出てもありがとうございましたもなし。いや暫くしたら女性の店員さんが慌てて出てきましたけどね。なんとなく店内の会話を聞いていて思うところはありましたが、カウンターで握りを食べることはないかな！
江戸前鮓 すし通,天候不順が続く中、影響を受けにくい熟成のものが多いこちら、行ってきました。白木の大きいカウンターがゆったりとした店内。とても木のいい香り。真ん中に構えておられるのが大将。どうやら握りは全顧客分大将が自分で握るらしい。お任せで次々出て来るのは、握りとつまみが交互。握りはカウンターのつけ場に直接置くタイプ。最近では珍しいスタイル。ガリ二種類とワカメ。魚が続いて胃の中をリセットするのに意外とこの若芽が良く。色々出てきた中で特に気に入ったのは生の感じと少しの干しのバランスが絶妙なからすみ。筋を完全に取り去られた鮪トロ。しゃりが隠れるほどの大きなぼたん海老もねっとりして甘く美味。おすすめです。手作りのいくら醤油漬け。雲丹、それも最近価格が超高騰している蝦夷馬糞雲丹。それを箱から薄く剥いでシャリに乗せるのではなく、スプーンで四角いブリックに切り取ってすごい存在感です。美味しい雲丹は海苔なしの方がしっかり雲丹の味が解って美味しいですね。こういう太っ腹なサービス精神、素敵です。〆に出て来る蟹出汁たっぷりのお味噌汁も美味しかった。おつまみと握りが交互のスタイルできづいてみるとけっこうな品数がでていて大満足。魚をたっぷり味わいたい人に是非お勧めなお店です。熟成寿司が好きな人にもいい。次はランチで握りだけ食べてみたい気がします。ご馳走様でした
江戸前鮓 すし通,先日ランチで11貫、5000円コースをいただいてあまりに美味しかったので、その場で夜の部の予約。どれだけこの日を楽しみにしていたことか。お店は２部制で１部は18時～。２部は20時30分～で私たちは20時30分から伺いました。お店に入店すると、堅苦しさもなく、大将を筆頭に「いらっしゃいませ～。お待たせしました。」とみなさん笑顔で迎えてくださいました。とても、感じがいいです。まず最初は、名刺代わりと大トロ。２週間寝かせて、さらにはマグロの繊維をピンセットですべて取り除き隠し包丁を50本もいれたもの。かなりの手間がかかってます。食べた瞬間、旨味が口中に広がり爆発し、そして広がったかと思ったらすぐに溶ける～。かなりの手間をかけたのに、儚いわぁ。(。´Д⊂)ずっと口のなかにいれていたいと思うくらい激んまです！大将の名刺恐るべし。次に巨大ボタン海老。プリプリ感、ねっとり感、甘味が三位一体となって口のなかを総攻撃です。一貫ずつ説明してると、おいしすぎてもぅ書ききれません。大将は研究熱心な方で、ネタにこだわるだけでなく、顕微鏡を使って日々魚の構造や処理の仕方、切り方などを研究しているそうです。顕微鏡って…もはや、寿司変態！(爆)ご本人も自覚されてるよう(笑)お寿司の話をし始めたら立派なレポートが出来上がってしまいます。すし通というのは、お寿司にたいして研究、努力を怠らない大将の事を言っているに違いありません。その寿司通の話を聞くのは、またとーーーーっても楽しいです♪説明しまくったあとに、大将の口癖？「論より証拠、食べてみて！」ホントにその通りです。論より証拠、是非食べてみてください。食べるたびに驚きとカンドーが口のなかに広がります！
江戸前鮓 すし通,メディア媒体で良く取り上げられている「すし通」さんに伺いました。熟成鮨で有名です。「六本木駅」より徒歩１０分位で到着。ビルの地下１階にあります。店内に入るとスッキリとして清潔感がありました。そして水琴窟が！澄んだ水音は心地良い気分にさせてくれますね。おまかせコースにしました。つまみ８品、にぎり１１品、汁物をそれぞれ織り交ぜながら提供してくださいました。大将は熟成具合や包丁の入れ方など研究されているとの事で顕微鏡も使うことがあったと言っていました。ここまでくると立派な『寿司オタク』です。握りに関して舎利はネタに合わせて酢を追加し調整をおこなっているため食べた感じが異なります。米も２種類使っているので、粘度があるのにほろっと崩れる感じが楽しいです。ネタは新鮮ネタ、熟成ネタを提供してくれます。ずわい・ウニの握りなんて写真映えしますね。個人的に残念だったのは最初からトロを提供されたこと。熟成されていて50もの隠し包丁を入れている一品なので、鮪の食べ比べ的に提供していただけると嬉しかったなと思いました。目で見て楽しみ、鼻で香りを楽しみ、口で味を楽しみ、大将さんのトークで耳を楽しめる店でした。
江戸前鮓 すし通,働き始めて早1◯年。何か節目があったわけではありませんが、ふと、特別なことをしたいと思いました。そんな時にたまたま観ていたTVで紹介されていた「すし通」さん。あ、ここに行こうかな。調べてみると目が飛び出そうな価格帯でしたが、一生に一度と思い（おおげさかな^^;）、清水の舞台から飛び降りる覚悟で予約をしました。平日木曜20:30に伺うと、カウンター席は満席。半分は常連さんと思われる方々で、大将と気さくに話してます。すし通さんは、寿司オタクと呼ばれる大将が研究を重ね、それぞれのネタにあった「熟成」と「包丁の入れ方」でお寿司が食べられます。最初に名刺代わりと細かい包丁目が入った鮪から始まり、お寿司と料理を織り交ぜ、テンポよく提供されます。初めて食べた熟成寿司は、驚きと感動でした。今まで「新鮮」であることが、美味しいお寿司の大前提だと思っていましたが、その常識が全て覆されました。熟成させることで旨味が増し、生魚独特の臭みがとれ、角が取れたような優しい味わい。どれもねっとりとした食感で、まるでムースみたいです。一番感動したのは海老。（ボタン海老かと思ってましたが違うようです、トイレに行ってる間に出されたので、聞きそびれました。）飲み込むのがもったいない、と思ったのは初めてです。とにかく全てに圧倒されました。これが正解ということではなく、こういうお寿司もあるんだと、新たなお寿司に出会った感じです。高級店に入るのは初めてで、勝手が分かドキドキでしたが、気さくに話が出来る大将のおかげで、あまり肩肘張らずに、貴重な時間を過ごせました。バシバシ写真を撮っていいのか分からず、写真は数枚しか撮ってませんが、実際はもっと品数があり、程よくお腹いっぱいになりました。
江戸前鮓 すし通,今月はなんだかお寿司を欲しています。六本木でよくお名前は効いていたのですが、初。すし通です。店内あかるく、テーブル席もありますがカウンターのみ使用で一斉開始真鯛からきました。湯葉、たけのこが入っていて梅風味。先が楽しみになります。そして名刺代わりと出てきたのが、和歌山の本鮪、60日熟成に60の隠し包丁とのことです。めっちゃとろけます。熟成って？というのはいただきながらお話してくださるので聞きに行ってください。楽しいです。もちろん美味しいです。あさりの潮汁。この日は雨で寒かったのであたたまります。良い香り。3日熟成のボタン海老。口にはりついてきます。すごい吸引のような口にねっとり。おいしい～さわらのお造りこはだのど黒の幽庵焼きと、握り、つまみと交互にきますのど黒が大人気なのは石川県民としてとってもうれしい高いけどね～。でもおいしいので。幽庵焼きでは初めていただきました。その後も続々！白烏賊やマナガツオ酒蒸しに大好きなトロタクははじめて軍艦でいただきました。金目鯛は昆布〆で炙ってあるし。もうパラダイスです。めっちゃお好み！！！炙りだいすきなんですよね、しかも昆布〆も！穴子は塩！私は塩！絶対塩！美味しいそして通称ネコバス。雲丹です。シャリより高く。よく崩れない、プリンみたいになった雲丹。全てが楽しく美味しくてお話を聞きながらいっぱいいただきました。もっと食べたんだけど。入っちゃうもんだねごちそうさまでした。
江戸前鮓 すし通,2014-11-06 22:34:04ブログ：すし通（六本木）テーマ：ずわい蟹と酢味噌/本鮪/鰆の昆布〆/ボタン海老/キンキの焼き物西京味噌/カワハギ 昆布〆・肝醤油乗せ/甘鯛の焼き物バター醤油/鰤/ツブ貝/スルメイカ刺し/鰹漬け/鯖の梅紫蘇揚げ/墨烏賊/ズワイガニ/鮪漬け/イクラ軍艦 /金目鯛の昆布〆塩炙り/雲丹/白海老/穴子再訪この店だけの仕事がなされた、個性豊かな旨味を引き出した鮨がいただける店。ご主人の藤永大介氏は、15歳で鮨の世界に入り二子玉川の「逸喜優」などでの修業後、2008年にすし通を開いた。出される握りはどれも他の鮨店では見慣れない仕事が施されている。使用する魚を徹底的に調べ尽くし、古い江戸前の仕事の意味を紐解きそこから仕事を選択して、実験し新たな可能性を生み出す。まるで、シャリと魚の合一を求めて江戸前の技術を現代の魚で再検証しているようである。シャリは2種類の米をブレンドし、2種類の赤酢と1種類の白酢を混ぜている。藁櫃で囲って人肌に保つようにしている為、握りは常にシャリの温度が均一でバラつきがない。また、唯一無二の鮨ながら、押し付ける感覚がない主人のスタンスも素晴らしい。但し、酒肴と握りが交互に出される最近主流になりつつある提供方法は、握りの小気味良いリズムを妨げる印象で、いささか好みには合わなかった。●ずわい蟹と酢味噌みずみずしくも繊細な舌触りとほのかな甘味。●本鮪 握り名刺がわりの一貫。大間産150キロ。14日間熟成させて、5６ヶ所の包丁目を入れた本鮪。熟成により旨味成分が凝縮されており、口中に含んで間もなくふわり溶けていく。●鰆の昆布〆とろけるような食感に強い甘味。●ボタン海老 握り３日間熟成させているため、従来のボタン海老の食感がいい意味で破壊されている。その分濃厚な甘味と旨味が際立つ。●キンキの焼き物 西京味噌脂がのりが上品で、しっかり味が染みている。●カワハギ 昆布〆・肝醤油乗せ 握り肝醤油をムース状にすることで肝と身の一体感を演出。複雑艶麗な旨味がからまりあい、心がほどけてしまう。●真鱈の白子ポン酢まったく臭みやえぐみがなく、トロッと舌の上でとろけます。●喉黒の昆布〆塩炙り 握り表面だけ塩焼きにしたレアな食感で、皮に旨味が凝縮。●甘鯛の焼き物 バター醤油皮目を付けたまま鱗を立てて焼いています。独特の食感とバター醤油の風味が後引く。●鰤 握り熟成により鰤鰤に変化。目を閉じて食せば鰤とは思えない旨味が優雅に口中に広がる。●ツブ貝潮の香りと海苔の香りが交差しながら、噛むごとにうっすら甘味がにじみ出てくる。●スルメイカ刺し細かい包丁が入れてあり食べやすい。噛むごとに感じるクセのない甘味が実にいい。●鰹漬け 握り鰹の旨味を引き出す漬け具合。爽やかな香りが心地良く、旨味の余韻が長い。●鯖の梅紫蘇揚げ鯖の身を邪魔しないサクッとした軽い衣にと梅の酸味が清々しい。●墨烏賊 握り裏面に隠し包丁を入れているので、絶妙な食感を醸し出す。ねっとりした歯ざわりで、甘味が穏やか。●ズワイガニ 握り定番の逸品。ほぐし身と蟹味噌を和えたものでシャリを包みこむ。●鮪漬け 握り熟成度合いも充分で味わい深くねっとりしている。但し、やや塩分が強め。●イクラ軍艦 粒のひとつひとつがはっきりしていて、口に入れるとパンッと弾ける。●金目鯛の昆布〆塩炙り 握り脂の旨味がシャリと混ざり合い上品な旨味を作り出す。絶妙な火入れで、程よい香ばしさが後から追いかける。●雲丹 握り木村のうに。これでもかというボリュームで、甘味が強く濃厚な味。但し、ややネタの温度が低いところが気になった。●白海老 握り生の味わいは海老の中でも格別。甘味が強く、食感が心地良い。●椀10種類以上の出汁を使った味噌汁。●穴子 握りほんのり柚子が香り、ふっくらと柔らかい身が舌に心地よい感触を与える。2014-07-1714:05:12ブログ：すし通（六本木）テーマ：中トロ/縞鯵/〆鯖/甘海老/赤身漬け/喉黒/シオッコ/白海老/ずわい蟹/馬糞雲丹・北紫雲丹/梅肉手巻き▼中トロ◼︎¥−●シャリと魚の合一を求めて、江戸前の技術を現代に再構築している鮨店。魅力的な握りは、かつて見たことも味わったことのない仕事が施されている。そのこだわりは、240倍の光学顕微鏡で覗いて魚の繊維の流れを把握し仕事に生かすほど。鮪は、12日間熟成させて52本の包丁目を入れている。熟成により旨味成分を中心まで浸透させているので、口中で溶けた後の余韻が驚く程長い。シャリは、二種類の米に赤酢と白酢のブレンド酢を使用。固めの食感ではらりとほどける、実に好みのシャリ。魚とシャリが見事に一体化した、鮨に出会えた気がしました。
江戸前鮓 すし通,『熟成寿司』東京は西麻布。寿司の概念を変えようと日々新しい寿司の開発に取り組んでる男が居る。彼は青森の大学に8年間通い魚の繊維や構造を研究し新しい魚の切り方、処理の仕方を模索し続けている寿司変態だ。名刺がわりに出てきた１貫にまず驚かされた。                                 ２週間寝かした150㎏の大間の本マグロ。繊維をピンセットで抜き56もの包丁を入れる。それはひとくち頬ばると、その刹那旨味が広がる。そして油断していると舌と上顎の圧力で簡単に溶けていく。二種類の米をブレンドした黒酢の斜里は口のなかで存在感を示すがネタと重なり合わさり同時に口からいなくなる。ほほ～　これは凄い名刺をもらいました。お吸い物は100個の蛤を使い20人前しかとらないと言う。こんなに濃縮された蛤出汁は初めてだ。ボタン海老は３日間寝かして甘味とプリっと感とネットリ感の海老の三大要素を増幅させる。そして鰹❗❗今まで東京で食べた鰹でいい意味で驚いたことは無かったが、この店では簡単にやっつけられた。皮ぎしを抱き込んだ鰹に玉葱の絞り汁と鰹出汁をプレンドしたタレをかける。風味が良く鰹が鰹以上のネタに昇華している。鰹が主食の高知県人を唸らす驚愕の鰹だった。カワハギの肝乗せは肝を裏ごししムース状にしている。これも口にいれた途端に香りが鼻から抜け、その旨みに悶絶する。間に出てくるつまみも秀逸で満足度が加速する。彼は言う。素材が良いだけ、新鮮なだけの刺身寿司ではダメなんです。ちゃんと魚を研究して素材にあった仕事をして寿司を高めて行かないと。並みいる寿司界の重鎮に喧嘩を売った異端児の挑戦。彼曰く・・スーパー出る杭だそうだ。驚き、旨さ、楽しさ。エンターテイメントを心得た寿司変態。彼の挑戦はこれからも見守って行きたいと思わせるお寿司屋さんでした。ごちそうさま
江戸前鮓 すし通,この店の噂は、onikumaさんから聞いていた。「鮨の概念が変わるよ」熟成と研究が生んだ寿司とでもいうべきなのか。一番驚いたのは、白烏賊のにぎり。隠し包丁と熟成で、烏賊が噛まなくても自然と融ける。烏賊を噛まなくても食べられるということ自体が凄いと思った。おまかせ1人前で　握り１１貫、つまみ９品、椀で１人２３２００円（税込）酒は飲んでいなくてこの値段。手間暇かけている分、高いと思った。ホッキと柿の和え物１、大間１５０ｋｇトロ、熟成１４日、５６の隠し包丁で筋はすべて裁断されており、口の中で融ける。　　かなりしつこく感じたのは、熟成のせいなのか？赤ハタの刺身２、トラシマボタンエビ・・・深海にいる別種の大型ボタンエビらしいです。３日熟成。ねっとりとした食感カマスの塩焼き３、かわはぎ肝のせ・・・若干臭みがある血管の処理はうまくされているのか？「太一」のかわはぎの方がうまい。イワシ刺身４、のど黒こぶしめ・・・・脂が載っていて、口の中で蕩ける５、かつお・・・・玉ねぎの汁で処理しているので鉄分の臭みが消えていて、薬味不要とか。あんきも６、鰺・・・・冷水の中で熟成眞子鰈と芽株の和え物７、白烏賊（写真失念）・・・熟成３日、隠し包丁も入っており、噛まなくても口の中で蕩ける。からすみ・・・塩分少な目で柔らかい。甘海老の和風マリネ８、金目鯛昆布しめずわいかにとカサゴのすり身の湯葉包み揚げ９、赤身づけ１０、穴子・・・煮ると蒸すを同時にして、骨はすべて毛抜きで除去１１、いくら・・・・今年最後のだとか。冷水でばらしているので皮が残っているため、浸透圧で汁が卵の中に入ってこない。　　　　　　　　　　そのため、いくら本来の味が楽しめるとか。「自分の納得する寿司をだすだけ」「太一」お親方と同じようなことを言うので「太一」の親方ご存じですか？って聞いたら、銀座太一の親方とは同じ寿司屋で修業した同期とのこと。和喜智、鮨金の親方も食べにきたとか・・。開店がリーマンショック（２００８年９月１５日）の翌日。あの時は苦しかったとおっしゃっていました。半月で来た客１６人だったとか。あとで追記します
江戸前鮓 すし通,H26.9月末の夜に2人で地下にある落ち着いたお店で、カウンターだけでなくテーブル席もいくつかありますが、握りは大将一人がやってくれます前情報の通り、面白いながらも寿司に対する積極果敢な姿勢が凛々しい大将でしたタネや道具の話も色々と聞けて楽しく過ごせますし、お茶もタイミング良く出してくれます楽しくて随分長い時間（2時間半以上）いました料理は、にぎりとつまみが交互に出てくる店で、最初に名刺代わりにと、よく寝かせて56箇所？に包丁を入れた大間のトロを出してくれます酢飯は固めで、口の中でベタベタせず、ハラリとほぐれる美味しいにぎりです最後まで飽きることなく、楽しく過ごさせてもらいました一つ残念だったのは、名刺代わりの最初の一貫が芯の残った生炊きの酢飯で、せっかくの美味しい鮪なのにボロボロと口に残って駄目でしたいきなりこれだったので不安に思ったのですが、その後はとても良く、次から次へと食べに食べました特に昔の製法で作ったという唐墨は、濃厚で口当たりが良く酒のアテに最高で、持って帰りたかった最後は、大将に外まで見送ってもらい店を後にしました最初の一貫で顔をしかめたのを見られていたようで、大将には帰り際まで気を使ってもらいましたが、あれ以外は本当に美味しく、また食べに行きたいお店です次は、最初から最後まで満足して点数をつけ直します◎つまみ白海老ワカメ、鯛刺身、真魚鰹の焼物、帆立、焼ノドグロ松茸、オコゼのポン酢ジュレ、烏賊の塩、唐墨（8年物）、スッポン茶碗蒸し、蛸の梅肉ソース、茶碗蒸、海老出汁味噌汁、唐墨◎にぎりトロ（大間）、鮃、ボタン海老、鰹（トロ挟み）、カワハギ肝乗せ、烏賊の新子、赤身、鯵、金目炙り、ノドグロ炙り、カニ味噌（イクラの代わり）、穴子（ツメ）、雲丹❇︎ 順不同で他にも食べたかもしれませんーーーーーーーーーーーーーーーーーーーーーH27.10月末の昼に2人でまた行こうと思いつつ早一年、ようやくランチで食べに行けましたこの日は事前に予約して、11貫に椀のランチを週末の握りのランチはかなりの人気で、ずいぶん先まで予約が入っています頂いたのは、トロ、鯛、甘エビ、金目鯛、帆立、穴子、白海老、ヅケ、カワハギ、蟹、雲丹、玉子順不同で、椀は序盤に出てきます1貫目からとても美味しい、旨い熟成され50ヶ所に包丁を入れられたトロは、まった〜り濃厚な食感で口当たりが良く、酢飯も優しい味でとろけます帆立は普通かな〜、でも、どれを食べてもとても美味しく、特にトロ、甘エビが絶品でした魚の出汁がよく出た椀もとても美味しく、これでこの値段は本当にお得だと思いますちらしも美味しそうだったので、次は夜に行くかちらしかなごちそうさまでしたm(_ _)m
江戸前鮓 すし通,熟成寿司。地下にある店内に入るとカウンター真正面には「魚の熟成庫」。威圧感が半端ない雰囲気（蔵の扉のようでした）中を是非見たかったなぁ。。。熟成寿司という関西ではまだ馴染みのないお寿司ですが『かなりうまい』です！！まず、シャリがたまらなく美味しいです！2種類のコメをブレンドされているとの事で触感のあるお米と、粘度のあるお米、そして合わせ酢には赤酢を2種と黒酢をブレンド。特出するのは『シャリとネタのバランスの良さ』です。全てが『一つ』になっています。おまかせが基本で、まずはトロから名刺変わりの一貫。熟成させて包丁を50回入れている。『とろける』という表現は良く聞きますが、ここのトロは本当に『口の中でとろける』んです！最初の一品からこの料理は後の料理にかなりの期待がもてました。寿司、一品、寿司、一品の繰り返しで料理が出てきます。この提供の仕方で舌や口が疲れないというか、新たな余韻を楽しめました。甘エビは熟成によって、最大限の甘さを引き出し、舌にまとわりつく美味さでした。『噛む必要なし』でした。のど黒のカットの仕方は圧巻でした。これだけ繊維に並行してカットされていては、どれだけ上物の新鮮なのどくろでも、生では頂けないでしょう。このお寿司に『熟成寿司』の最たる魅力を感じました。天然うなぎ　焼き方は関西風（蒸しなし）で皮目がパリパリと香ばしくてとても美味しかったです。自家製からすみは食べたことのない香りと食感でした。一粒一粒ではなく、ねっとりとした大きな固体です。絶品でした！！うにの軍艦はネタとシャリも美味しいのですが海苔も絶品です！！これほどの海苔は今後何回食べられる事か。本当に大将のこだわりでしょうね。大将は手を止める事なく良く喋る方です。嫌みの無い料理へのこだわりを教えてくれます。ご自身を自称「寿司変態」だと（笑）その後もお喋りは止まらなく楽しい時間を過ごさせていただきました。鮮度の良い魚を食すのももちろん良いのですが、熟成された魚がここまで美味しいとは本当に「感涙」です。うまくは言えませんが、お値段が幾らとか立地がどうこうという次元を超えたお店です。必ず再訪するべきお店『すし通』さんです。
江戸前鮓 すし通,"【前置き】こちらは「熟成鮨」で有名なお店。自分はひねくれ者ゆえ、「熟成」という言葉に眉唾なイメージを抱き、長らく訪問せずにおりました。しかし、一度訪問してみてイメージ一新。真逆に変わり、感銘を受けた次第です(2014年7月初訪問)。熟成は驚異的なバランスで掛けられており、強い旨味を引き出す事に成功しております。食感のコントロールも良い。そして、独特の仕事を施し、確固たる個性の握りを展開する。一貫一貫にストーリーがあり、頂いていて心から楽しい握りです。シャリは赤酢で極硬い、エッジの利いたもの。それでいてタネとの調和は素晴しく、ここでしか頂けない握りになっております。全体的に、昔の仕事を押さえた上で、現代風にアレンジしている握りです。それでいて、そのアレンジが鼻につく事無く、ドラマティックな調和を見せている次第です。【2014年11月訪問】お昼にお伺いして驚嘆を覚えたため、夜に再訪。夜はお昼とは異なり、酒肴と握りが交互に出される海葡萄スタイル。酒肴に使われる素材は質の高さを感じさせる逸品揃いで、施される調理も適切。そして、握りは記憶に違わず絶品。江戸前の技法をベースに、ご主人のクリエイティビティが炸裂している。申し分なく、唯一無二の鮨であると再認識する。…しかしながら、個人的には、酒肴と握りが交互に出されるスタイルは、どうも馴染めない。一見高め合っているようだが、自分にとっては握りに集中出来ず、単なる酒を進めるための装置に思えてしまうのだ。鮨屋は握り、と頑なに信じている者としては、握りだけでストーリーを展開して頂いた方が楽しめる。まして、当店の握りは握りだけで他に無い物語を紡ぐ事が出来るものだろう。当店の酒肴は本当にレベルが高いのだが、握りに集中したい気持ちが勝ってしまった。せめて、握りのみか、酒肴も付けるか選択出来れば良いのだが…また、お昼の完成度が高すぎるため、コストを比較するとどうしても割高感を抱いてしまう。握り12貫、酒肴8品、ビール1杯、日本酒1合で、約26,000円。唯一無二の仕事を体感出来るお店(＝芸術性を有するお店)なのだが、如何せん上記の提供スタイルと合わせて考えると、再訪するならばお昼と思ってしまう次第。頂いた料理は下記の通りです。酒肴【ずわい蟹と酢味噌】握り【鮪　大間】名刺代わりのスペシャリテ。長期熟成、包丁で繊維を断つ技は再度頂いても鮮烈。酒肴【鰆の昆布〆】握り【ボタン海老】三日間熟成したボタン海老。未体験の蕩け具合。それでいて、大ぶりなので海老らしい食感も楽しめる。酒肴【キンキの焼き物、西京味噌】握り【カワハギ】昆布〆、肝醤油乗せ。食感のギャップが素晴らしく、重層的に織りなす旨味は見事の一言。酒肴【白子ポン酢】握り【喉黒】昆布〆。塩の振り方が丁度良く、食感はとろり、香ばしさを残す。酒肴【甘鯛の焼き物、バター醤油】握り【鰤】熟成によって、優雅な変化を遂げている。鰤の脂を嫌味なく満喫出来る仕事。酒肴【ツブ貝】酒肴【スルメイカ】握り【鰹漬け】漬け加減が良く、蕩けるような食感。旨味の余韻が非常に長い。酒肴【鯖の梅紫蘇揚げ】握り【墨烏賊】食感は、とろりとしながら弾ける。タネの底面に隠し包丁を入れており、計算された包丁によって個性的な食感を生み出している。握り【ずわい蟹】相変わらずの存在感。握り【鮪漬け】他の種とは異なり、重々しくしっかりと漬けている。若干時間が長いように感じたが、旨味・香りは十分残されている。握り【いくら軍艦】皮の食感がありつつ、小気味良くほどけてジューシー。握り【金目鯛】非常に食感が豊かで、ぶるぶると躍動する繊維。握り【雲丹】お昼よりも増量。ずわい蟹と合わせてパンチがある一貫。椀【2014年7月お昼訪問】頂いた握りは下記の通りです。【中トロ】繊維を全て取り除き、12日間熟成させ、50回包丁を入れたという鮪。絶妙にとろける食感に、誰しも魅了される事だろう。【縞鯵】こちらも熟成を掛けている。しかし、においは一切無く、柔らかな甘みを引き出している。絶妙。【〆鯖】昆布、酢の塩梅が素晴しい。是非とも旬の時期に頂いてみたい。【甘海老】甘海老の強い甘みとシャリの赤酢が素晴しく調和。僅かに湯霜に掛けており、甘みと食感が強調されている。【鮪赤身漬け】甘み、鉄分、香り、食感の全てが素晴しい赤身の漬け。【喉黒】肉厚ながらに焼き加減と塩加減が良く、喉黒の勢いを痛快に楽しめる。昆布で〆た後に炙るという個性的な仕事。【シオッコ】ぷりっぷりで肉感的な食感と、熟成によって引き出された旨味。レビューを書きながら思い出せるほどの食感。【白海老】甘海老とは異なる甘みを持つ。正直、先月北陸で頂いたものよりも旨かった。【ずわい蟹】シャリが見えない握り。これだけ見ると鮨好きは敬遠してしまうかもしれないが、一連の握りで技術を見せつけられた後だと、口腔を満たす蟹の巨大な存在感に感動するほか無い。【雲丹】非常に鮮度の高い雲丹を贅沢に二色使い。シャリに乗せられたそばから身を崩す雲丹は鮮度の証。【梅肉手巻き】手巻きなので海苔の食感と香りがダイレクトに楽しめる。梅肉も爽快で良い。本記事は下記のブログをベースに投稿しております。http://edomae-sushi.hatenablog.com/"
江戸前鮓 すし通,連れがお仕事で連れて行ってもらったお店で、カウンター寿司でお値段はかなりするけど、気さくな雰囲気で飲みやすいお店だったから、行ってみよぅ！とのこと。ということで初来店。確かにこういった構えのお寿司屋さんの割には店内は結構な賑わいで、 静かとはかけ離れた雰囲気でした。 飲みにはいいですね！ ということで連れは大好きワインを頂いてました。おまかせ。まぁお値段はびっくりしますが、そこは覚悟はしていたので楽しんでやろう！と意気込んでいましたが、まずはトロ！ なんか切り込みがすごい。 こんなに切り込み入ったの食べたことなかったので、まず見た目でつまずく（笑）しかもかなりねっちょり系。 連れ曰く熟成されてるんだよとのこと。 なるほどぉ。 そういうお店みたいですね。 実は熟成されたお寿司は食べたことなかったもので、そこも衝撃。 まぁ旨味はかなりありますよねぇ。ただなんか食感があんまり好きではないです。 握り以外にもつまみを出してくれましたが、そこはいたって普通でした。 ほっとしたことを覚えています。 思いのほか熟成されたネタが私には重かったのかなぁ。。 なんか最後は連れにあげちゃうほどでした。 ただ雲丹は美味しかったぁぁぁ。 純粋にネタだけだったし、いいとこの雲丹ですからね。 久々口の中が幸せに満たされました。 全部こういう感じだったら良かったのに。お値段とのバランスも考えると、辛口ですがイマイチでした。 私には・・・連れは大好きみたいで喜んでたし、財布は連れなので何ともいえませんが(^_^;)
江戸前鮓 すし通,西麻布で寿司と言うとなんだか業界人みたいである。そんな経験、もうこの後ないかもしれない。そんな西麻布の「すし通」にきた。お店はビルの地下にあり佇まいにそれほどの高級感も垣間見せないところがまた西麻布。カウンターの奥にどーんと特注冷蔵庫が鎮座する風景は圧巻でもある。熟成肉が流行っていると云うがここのお店は熟成寿司。でれもこれも必要以上な異常な仕込みのお寿司である。まさに名前とおりすし通、もといスシマニアが握る寿司はひとつひとつが驚きでいっぱい。なるほど、そういう熟成の象徴として、このどでかい冷蔵庫が目の前に鎮座しているのだなあと感じ入った。そういう気の遠くなるような仕込みの寿司もまた寿司。でもそれこそ江戸ならではのやり方。魚介類の入手しやすい地区の寿司とは真逆の存在。普通の肉と、熟成肉以上の歴然とした差。お互いは全く別のジャンルの食べ物ではないかと思うくらいのその差をまざまざと感じたお寿司三昧の夜であった。
江戸前鮓 すし通,"昨年になりますが、六本木にあるお寿司屋さん「すし通（すしつう）」に行って来ました。【すし通】西麻布のクラブ「A-LIFE」から六本木通り、左手にあります。1階は（良い思い出ないけど）ジビエで有名な「またぎ」。地下にあって、白砂利が敷き詰められたアプローチはなかなかの高級感。店内はカウンターと個室（半個室？）が数部屋。カウンターは男女の組み合わせがほとんどですが、場所柄でしょうか、デートと同伴が半々くらいだったかな（笑）【ドラフト】まずはビールを1杯。【お通し】料理はおすすめをいただきました。たぶん、夜はそれしか無いと思いますが。にぎり→つまみ→にぎり→つまみ・・・交互に提供されます。ではここから、ひたすら料理の写真。こちらのお店のウリは、熟成されたお寿司のようです。食べログにも魚介類の熟成を熟知して尚、今も研究し続ける勤勉な大将の鮨をつまんでは溜息しつつまた一貫。]なんて書いてあるくらいですし。そして大将は提供の際に、ちょっとした蘊蓄も披露してくれます。大間で獲れた本鮪、名刺代わりに手で千切れるくらいに柔らかい鮪隠し包丁が何十回も入ってます通常のエビはプリッと言う食感と甘味の割合が云々かんぬんはたまた極限まで熟成させたヒラメなどなど。何とも結構で大仰な人にはウケるかも知れませんが、結論から言えば私には全く合いませんでした。その理由は単純にネットリ系のお寿司ばかりで飽きるからです。お店的には飽きさせないようにおつまみを交互に出すのだと思いますが、それでも舌の上に残りますし、そもそも熟成させて逆に失敗じゃないかと思えるネタも散見されました（牡丹海老とか鮃とか）お酒は2人でビール1杯とシャンパン1杯、白ワインを1本飲んで70,000円。振り返ってみれば、昨年で一番やっちゃったなーと思いました。それに・・・こんなこと書きたくないけど、入店した際に気付いた匂いがダメ。同行者は私に言われて気付いたみたいですが、飲食を生業とするならNGでしょう。食べログで高評価している人が多いですが、この辺の匂いには気が付かないor気にならないんでしょうか？だとしたら、高評価しているレビュアーさん達は大した鈍感力のある鼻をお持ちだと思います。ちなみに。私としては一番美味しかったのは、最後に食べた雲丹です。熟成しようがないですから（笑）"
江戸前鮓 すし通,西麻布元a-lifeの向かい側辺り六本木通りからほんの少し入った路地にあるすし通。印象は綺麗な店内に店員が多い印象。握るのは大将だけで大変？でも握りひとつひとつ細かい包丁を入れていてトロもボタンエビもコハダも舌触りは柔らかく、熟成させて、全体的にまろやかで濃厚です。これが特徴です。シャリは少し堅めかな。個人的には、後ほんの少し握りがふわっとしている方が好きですが、満足感ある美味しいお寿司です。おつまみと握りがランダムに来ます。料理だけで二万円強の値段です。不満点は値段に対して握りが少ない印象でした。僕は寿司屋はやはり握り勝負してほしいと思っています。焼き物など別に感動はそんなにありません。シャリとネタのバランスが生み出す美味さが寿司の醍醐味だと思うので、つまみが多くてこの値段になることがちょっとと思いましたが、味はどれも美味しいです。ワインとのマリアージュを謳っていてワインリストは意外と充実してます。全体的にはやはりこのエリアお店なので安くはありません。コストパフォーマンスの観点では評価が下がりますが、再訪の価値あるお店で、誰を連れて行っても喜んでもらえるお店です。
江戸前鮓 すし通,2013-09-2208:02:05「江戸前鮓すし通」テーマ：和食「江戸前鮓すし通」＠六本木（☆☆）http://www.sushitsu.jp/　東京カレンダーでこの店を知ったのだろうか？　ネタを熟成させることにこだわる店があると。そのマグロは手で引きちぎれるほどに柔らかい…。これは行きたい（笑）　その包丁の入れ方など、独特の考えを感じる高級寿司店です。　住所：港区西麻布3-1-15RFビルB1F電話：03-3404-2622定休：日祝営業：１１時半～１４時／１８時～２４時（土曜～２３時）　　六本木ヒルズから西麻布へと行く途中左の寂しい通りにありました。　ビルの地下１階になりますが、１階から入り口があり、白い暖簾に縦の木の格子の壁が美しい。　暖簾をくぐり下を見ると階段下のエントランスは白い玉砂利に敷石の通路。なんとも贅沢です。　樹齢１３０年の吉野檜を用いた白いカウンターは緩やかな台形を描くように配置。ゆったりとしていながら端まで目が届き、中央には大将が陣取ります。その背の壁には美しい扉があり、魚を貯蔵する冷蔵庫なのだそうです。　後ろには半個室が３つ。　入り口脇には水琴窟。　１１年９月１１日夜の来訪。　テーブルに最初に出されるのは左から出汁と酢でつけた新生姜、わかめ、ガリです。　ウーロン茶　５２０円　最初の飲み物はウーロン茶。　ペリエ　８４０円　２杯目はガス入りの水を。　おまかせ１８９００円　つまみと握りが交互に出てくるというスタイルです。　　最初の一皿は右に子持ち昆布。左にトロトロの京都のナスの上にかじき、ズッキーニ、それに茗荷を乗せて和風のジュレをかけています。　　握りの最初は名刺代わりと大将が言う本マグロの握りです。たしかに、この店を表すのに、これ以上のものはないかも。　大間の１８キロの本鮪の大トロ。これを１０日間熟成したものです。。５３の隠し包丁が入れてあるそうで、すべての筋を断ち切ってあるのだと。とろける口当たりでやはり包丁を入れているのがよくわかります。　酢飯は赤酢と白酢のブレンドに２種類の米を合わせたもの。主張しすぎない酢飯です。ネタと一緒に味わい、消えて行く。　　お椀です。蛤の旨味ある汁。白いしめじとモロヘイヤのようなとろりとした食感の青菜。　　白いか。塩と削った柚子でいただく。ねっとり甘いイカとシャリが同時になくなるように握ってあるのだと。たしかに！　　宮城県産塩水ウニ。塩分ちょい濃いめ。上には山葵です。　　春子鯛の昆布締め。ここに来てようやく酢飯の見える握りが（笑）　これも包丁が入り柔らかで優しい旨味。ネタと酢飯のバランスは変わらず。　黒い皿に太刀魚の塩焼き。右の器には松茸とコンニャクの山椒醤油煮です。　　イレギュラーに出していただいたのはイカの塩辛です。余分なものを加えず熟成させて、ねっとりしていない！　これは好きだなぁ。　　微笑みが出るほどブリッと大きなボタン海老。三日寝かせて、旨味と甘みと食感を引き出しているのだそうです。　これはさすがにネタを楽しむ握りです。　　熱々の器で。甘鯛と蕪の炊き合わせ。とろりとした和風餡でゆずを削り入れています。上には絹さや。　　コハダのタスキ握り。一匹分で２枚盛りつけ。コハダの締め方も程よく、めずらしくワサビが効いていました。　　高級魚クエの竜田揚げ。ほっくりとして美味しい。獅子唐を添えています。　　金目鯛の昆布締めの塩焼き。これは素晴らしかった。棒状に見える美しい金目鯛の食感は小気味良い。何しろ、いままで食感に乏しかったので（笑）　昆布で締めた金目鯛の甘みと旨味もすばらしく、この日一番良かったのはこれと後の味噌汁だと思います。　　塩じめの鯵。鹿の子握り。塩締めの分煮切りも塩も使っていないようで、酢橘をしぼりかけています。やや塩は薄めかな。　　赤身のづけ。これまたねっとりよく、つけダレの味が強目。　　塩の穴子。上には削りかけた柚子。柔らかな穴子が口いっぱいに溢れる量。そうです、酢飯はちょいとだけで、ほとんどが穴子！　それはそれでうれしいかも。　　手渡しでいただいたのは生雲丹の握り。酢飯が見えないほどにてんこ盛り。口の中に雲丹のスープが溢れます。　　濃厚な海老出汁？　それとも蟹？　この時期に蟹はないか。アメリケーヌソースに共通する濃厚な出汁で、具がないところが潔い。激ウマです。　　軍艦です。生すじこ。とてもはりがある。良い時期にしか握らないそうです。　　ここまで一通りでした。最後にかんぴょう巻きを。　お茶で締めです♪
江戸前鮓 すし通,今年、新たに行った寿司屋で感動した１軒です。新しい寿司のスタイルかもしれない。古い文献の研究や、新たな試みや実験。寿司論文をまとめているそうですが、今は体調の関係で中断中。研究熱心な寿司オタクという感じです。自分では寿司変態と言ってますけどね。一言でいえば、熟成と隠包丁。全てのねたに手が加えられ、味を引きだしています。マグロなども１０～２０日間程度の熟成をさせ、４０以上の隠包丁がされていて、シャリとの一体感がすばらしい。まさに渾然一体で、ネタとシャリが同時に消えていきます。これは寿司の醍醐味ですねーネタとシャリの一体感があり、ネタだけ味わうよりもより旨くなくては寿司の意味がないですよね。オリジナルビールもなぜか寿司に合うし、旨いです。寿司のさらなる可能性を予感させてくれる期待の寿司屋です。大将、あまり無理せず、体調管理だけは気をつけてね。今後も長く通いたいから。
江戸前鮓 すし通,基本、鮨カウンターでは撮影しない主義なので今回は画像なしです。知人の勧めで平日の夜に初訪問。ご主人の前にて着席。全てご主人にお任せで、つまみと握りが交互に出されます。今まで有名処に何軒か行きましたが全くもってここのお鮨は違います。別格！！！ご主人は本も執筆されるほどの鮨オタクです。オタクだからこそすごい鮨が出る！目からウロコですよ。とにかく今までの概念を覆されます。これは行ってみないと分からないと思う。他で食べれなくなってしまうんです。生きてる間にこのお店と出会えてよかった。----------------------------------------------初訪問から1ヶ月後の7月に再訪。今年イチHITしたお店。殿堂入りです。このレベルぐらいの鮨やさんでカウンターでバシバシ写真を撮るのは自己規制しているので枚数少ないのは悪しからず。ってか、美味しいものはすぐ食べちゃいたいし。こちらのお店に関してはムダなこと言うのやめます。行ってみてくださいとしか言えません（笑）西麻布なんぞの鮨やで～とか思ってたわたしがバカでした。と思う。まだまだお若いご主人。こういうご主人がいればこれからの日本の鮨業界も捨てたもんじゃないなー。と。いや、一世代前の職人さんより全然すごいよ。美味しい食事をいただけることに感謝。そしてこの境遇に立たせてくれる周りの人に感謝。ありがたき幸せです。
江戸前鮓 すし通,すし通（すしつう）。鮨。西麻布。西麻布の住宅街の一角にある。2階に「またぎ」が入っているビルの地下1階にある。玉砂利が敷いたエントランスでなかなかよい。店内はゆったり広々。カウンター10席程度とテーブル席2卓。握る人は二人いる。白い和装の人が店主。つるつるに頭をそっている。逸喜優出身。通常はつまみと握りが交互のお任せだが、いつもの通り握りだけでお願いした。全部で18貫＋玉子で16800円。握りは小ぶり。赤酢を使ったさっぱり目のシャリ。固さはアルデンテで温度はひと肌。少し弱いが、系統として好みのシャリ。シャリとネタの大きさがアンバランスで、握りの見た目はあまり美しくない。ネタが小さすぎたり、逆に大きすぎたりと落差が激しい。口に入れたときにネタが存在感が強くなりすぎたり、その逆だったりする。あと、ネタにかなり包丁を入れ柔らかくする。もう少ししっかり噛んで食べたい。ネタも熟成系が多く、包丁を入れることでさらにこってり感が出る。それを狙っているのかな。最初に大トロから出てきた。脂の切れがよく上品なトロ。他には、車エビ、ボタンエビ、蒸しアワビ、穴子、づけ、ウニ、コハダ、アジ、サバ、白イカ、金目、太刀魚、ぐじ、鳥貝など。光りものと金眼、太刀魚といった炙り系がよかった。ウニが最後に出てくるが、てんこ盛りのウニ。最後にガツンとしたものを出してきて構成に驚いた。最初と最後に一番こってりしたものを持ってくる狙いはどこにあるのか、イマイチわからなかった。全体的に値段を考えると悪くない内容。ガリ2種類と若芽が箸休め。ガリはスライスしたものと丸漬けがある。それぞれ酢加減を変えているっぽい。丸のほうが浅く漬かっており香りがよく旨い。接客は丁寧。
江戸前鮓 すし通,西麻布のクラブ「A-LIFE」を六本木通りを渡った細道の左手に出てくるお寿司やさん。地下にあって、アプローチが高級感がある。最初に名刺代わりと大トロの漬け握りが出る。握りと造りを交互に出すというスタイルが、単純なようで飽きが来なくていい。こはだから白身まで、あらゆる食材を寝かせて熟成させた握りが主体。面白かったのは、とり貝の握りのネタを外して、掌でパンと叩いて反って固くなってから再度軽く握っていただく。こりこりとした噛み味も、演出も楽しめた。鮮度が勝負というよりは、最高に熟成させたタイミングへのこだわりがうかがえるが、実は新鮮なうにの握りもとてもおいしかった。肝をかけた造りや春を楽しめるたけのこなど、握り以外にも仕事の丁寧さが伝わる。最後に出たデザートもおちょこよりも小さくて、味わうだけにはちょうどいい。値段は場所柄そこそこするが、ランチもやっているというので、次回はランチでもいいかな。
江戸前鮓 すし通,早めに入店すると、既に数組。ほとんど女性同伴なので、デートかな？男性二人だとカウンターでの会食が落ち着く。シャンパンで乾杯。グラスとボトルで銘柄が異なる。食事は大将にお任せでコースを頼む。つまみが出て、握りがでて、またつまみという交互のコースのようだ。つまみも悪くない。焼き加減もちょうど良い。握りも独自の研究を重ねて、旨味を最大限引き出しているようです。魚への愛情も感じるし、こだわりも強く、悪くないのですが、すべての握りが、熟成期間を経たネタで出てくるので、ネットリ系な握りになりがち。新鮮だけを売り物にしている鮨屋もありますが、新鮮さだけだと、美味しくないのも事実。熟成を批判する人も居ますが、鮮度だけが味ではない。が、ここまで全てのネタで、熟成されつづけてると、ぶっちゃけ飽きるかなと・・・。場所も使いやすいし、お店も広いので、悪くないです。難点言えば、ホールのサービスかなと・・・。
江戸前鮓 すし通,とても良い寿司屋でしたでも変わっていますネタを熟成させるココの寿司屋はそこに特化していますほとんどのネタが（全てではないです）なにがしか手を加えてあって魚は熟成した方が旨いという信念をお持ちのようです確かに旨かったです。新鮮なネタも好きですけどこういうのもいいなと思いましたさわ田も熟成が売りですが更に熟成が凄い感じでしょうか？お店は大きく個室もいくつかあります私好みじゃないのは握りとツマミが交互に来る店なんです厨房の仕事と付け場の仕事が交互この方が板さんは余裕のある仕事ができるのは確かでしょうがもちろんツマミも素晴らしいと思いました人もいい感じの方に担当していただきました文句無く良いお寿司屋さんですが価格はそれなりですねまあ、さんざん日本酒飲んどいてしょうがないだろ／／って思いますがやっぱり西麻布価格ですね〜凄く良いと思ったのは大きい店ですが一人でちょろっと来ても大丈夫な感じがしますそう言う雰囲気がいいですただ結構、団体さんも多そうですお邪魔した日もカウンターに固まりがいらっしゃいました10席以下の寿司屋さんではあまり見ない光景ですがこの店には小さい店とは違う余裕もありますからまあ、なんとか受け止められるのかなそう言う所もあってちょろっと来れそうなんですけど。。。無い物ねだりですね。。。また熟成鮨が食べたくなったらお邪魔します。。
江戸前鮓 すし通,☆の秘密の場所にＭ★もご案内～されちゃいました♪口に入れた瞬間とろける「にぎり」をM★にも食べさせたいと～つまみとにぎり交互に～写真の撮り忘れもあり（いかとか・・・その他もある・・・写真がないのが残念だ・・・）★秋野菜のお浸しちゃきちゃき★おおとろこれか！！ネタに細かい包丁マジック！！これはこの先も続く。★ほうぼう刺身こりこり★こはだ口に入れた瞬間とろける系★はもまつたけ秋です★ずわいがにの・・・なんだっけ？あっさり優しい★からすみ自家製～かなり大きく～贅沢ですな♪★ぼたんえびねっとり感たまらん★ししゃも踊るししゃもちゃま★たいこぶじめねっとり感いいっす★まぐろづけあっさりづけ★あらからあげあらお高いお魚～★さんまこれ今日①最高に美味しい！！！！！★あじひかりものおいひい～♪★ぼいるえびえびちゃん半分にしてくれれば嬉しかった大きさ★なますじこほろほろ～甘い★あなご（かぼす・しお）さっぱりかぼすしお～★しめさばひかりものおいしい♪★うにお手手にはいって渡されました☆は２つ食べてた～♪写真は☆のお手手大将はねこばすと呼んでたよ～★みそ汁だしがきいてる～「口に入れた瞬間とろける にぎり」体感してきました★☆ご馳走さまでした♪
江戸前鮓 すし通,◆2012・6本日はお摘みで[バチコ]の半生を頂きました（＾－＾）ナマコの♀なのですが半生なので不思議な食感です。日本酒にはピッタリ過ぎるほどの美味しさでした。◆2012本日はランチに来ました☆ランチメニューは◇焼き魚・煮魚定食￥1575◇ちらし鮨◇ランチ握りなどがありますが本日は[焼き魚定食]を選択（＾－＾）◆焼き魚定食￥1575焼き魚はその日のおすすめで焼かれてきます。焼き加減は勿論バッチリ♡お魚の身全体に火が通りふっくらフワフワ。付け合せの小鉢料理は食材に季節感があふれどれも美味。夜も美味しいけれど昼も大満足なお店。ごちそー様。◇2011・10鮭児［ケイジ］1万本に1匹くらい捕れるといういうお魚・鮭児☆さり気無く出された鮭児☆思いもよらぬ1貫に感激でした。さっぱりとした脂が記憶に残らない様で脳裏の残る鮭児。他店でも頂きましたがココの鮭児は一際美しく美味。今月も大将をはじめお店の方々に感謝です＾＾。2011.8この時期は秋刀魚がイイよと大将から云われ来店☆秋刀魚もさることながら美味美味でしたが天然鰻や金目の炙りも素晴らしい脂の乗りで本日も満喫。又来月来ようー。２０１１・４追及心に終わりって無いんだなとしみじみ思わせてくれる大将のお鮨。変態を通り越している気がしますが全てのネタに細かい仕事が施されてビビリます（＾－＾）本日も激美味で大満足。2011・3相変わらず手間と手が込んでいるお鮨は説明のしようが無いくらい美味。一体どうしたらこんなに美味しくなっちゃうんだろうと毎回思わせてくれる握り☆２０１１・１早速再訪してきました（＾－＾）今回も激しい美味しさに大満足です☆２０１０ココ　すし通。西麻布にある鮨店☆大将は自らを鮨に対しては変態です（＾－＾）と豪語する鮨マニア？思わず笑ってしまったけれど本当にとても美味しく驚きました☆出される握りやお摘みはどれも一手間・ひと工夫されているのは当たり前といった感じっです。良く分からないけど激美味しーと叫びたくなる様なお鮨。シャリは少しお米の芯が残る感じですが酢加減も程好くかなり私の好みで嬉しかったです。旬の食材に気を使っているは勿論ですが大将のお鮨に込めている情熱（変態系）は凄まじいものがありますね＾－＾；。今月も是非再訪して鮨変態ぶりを満喫してこようと思っています☆ごちそー様。
江戸前鮓 すし通,以前、ランチでお邪魔して気に入ったので、今回はディナーやはり、ディナーも予想を裏切らない美味しさまずはじめに、とろご挨拶がてらと店主がだしてくださいました。お鮨で、とろが最初にでるのは珍しい。こちらは、自信作だそうで、剥がしという技術を使って、ピンセットでスジを抜いているらしい。江戸前すしでは昔やっていた技術なんだそうですが、今この手間をかけているところ少ないのでは？それとも、今やっているところあるのかしら？う～ん、口の中でとろけます私、とろ大好物です（笑）こちらの店主は、人の口に入ることを考えてお客様に出すんだそうです。なるほど～、納得ですのれそれ穴子の稚魚ですミル貝細胞を殺さずに切ると、3日間生きるんですって店主が、「パチン」とミル貝をたたくと、ミル貝が大きくのけぞりましたおっ、おみごとホタテ、白魚、ウニの茶碗蒸し一口サイズがいいのですよ～。また食べたくなります。美味しい～コハダ味が締まっていて、シャープな感じです。淡路島の地うに(*^▽^*)みょうばんと防腐剤入ってません綺麗な色です。そして、甘くてメチャ美味しいですよお箸ですくって、一気に食べるところが、なんとも言えずに贅沢でいい。そうそう、お酒は、八海山をいただきましためじまぐろの玉葱じょうゆつけボタン海老25センチのボタン海老だそうプリプリしていて歯ごたえありです赤身の漬け普通の赤身の漬けと違うのよ私は、赤身の漬けはあまり好きではなかったのですが、こちらは別。優しい味がします～江戸前寿司を継承しながら、新感覚の江戸前寿司ですね車海老こちらは、7割蒸し、3割生なので、ぼそぼそしてないのよ～本当に美味しい～赤貝すずめと、店主が言っておりますが、私は朱雀だと思いますぅ（笑）見た目もお味もいいです～富士山の麓で獲れた原木しいたけ＆熊本のタケノコヒマラヤの岩塩をつけて、いただきますしゃりだけ出すところは、鮨屋はないのですが、出していただきました御飯は2種類、酢は3種類使っているそうですよ。すごく、美味しいです(*^▽^*)お味噌汁きんめだいの昆布〆の塩炙りこちら、是非食べてみてください。炙っているのですが、その炙り加減が良くて、パリパリしすぎず、口の中でとろけてしまうくらいの炙りで、美味しいのですよ。見た目も綺麗ですよこの日、店主から心に残る言葉を２ついただきました。「最後は愛」と「魂の伝承」う～ん、いい言葉だわこの言葉は、お店に行って直接聞いてくださいねそうそう、こちらのお店では、氷の冷蔵庫を使ってます。休みの日は、使わないのでからっぽなんだそう。氷の冷蔵庫は、昭和18年～33年まであったそうですよ。初めて見ましたすし通さんは、とても美味しく、また行きたいな～と思わせるお店です。大将も勉強熱心で前向きなので、お話していてとても楽しいですよ今度はゆっくり時間をかけてお邪魔したいです。
江戸前鮓 すし通,"・西麻布で遅めの仕事が終わり、どうしても寿司が食べたくなり、遅くまで開いてるお店を食べログでチェック→12時がL.Oという事でこのお店に訪問。・店内は小奇麗で割と広め。　個室風の部屋も幾つかあるようだ。・先客は一組のみ。・ご主人は内山君にそっくり(笑)　　内山君のミニチュア版だ。・ドリンクメニューを見ると、シャンパンのハーフボトルがあるので、ハーフボトル(Moët & Chandon/5,500円位)をオーダー。・軽くつまみをオーダーしたところ、平目と金目鯛が出てきた。・魚の質は、高級店には及ばないがそこそこのものである。・だが、この二品の切り方があまりにも小さすぎ。　大きさにして記念切手程、厚さは幾らもない。・握りも７、８貫頼んだのだが、これまた小さめで、イメージ的には成田空港で売っている、お鮨のストラップを少し大きくした程度だったと思う。・ネタもシャリも悪くはないのだが…。・それともう一つ気になった事は、12時がL.Oという事を確認して入ったのだが、11時頃L.Oが来た。・ご主人、電車の最終に間に合わないという事なのでその点はしょうがないだろう。・シャンパン　ハーフ/ 　冷酒×１/ 　つまみ　少々/ 　スシ　7,8貫/ 　合計17,000円。・もう幾らか足せば、この近くにもう一軒ある、遅くまでやってる☆店に行ける。"
江戸前鮓 すし通,東京カレンダー「鮨屋の誠意」シリーズ第３弾。この度は西麻布へ。地下１階に下りると、砂利が敷き詰めてあって、小奇麗な雰囲気のこちらのお店。戸を開けると、１２席の大きなカウンターが壮観。氷の冷蔵庫も含めて、最近見た色々な新店舗の内装と似てはいるが、張りぼて感は少なめ。白木のカウンターもスムーズ綺麗だし、滑らかな仕上がり。握りも、カウンターの一段高くなった部分に直置きするのは、ありそうでなかったタイプ。握り中心で頂きたい旨をお伝えすると、望むところとのご返事。握りお任せで出てきたものは以下の通り。コハダ、ヒラメ昆布〆、トロ、赤身ヅケ、たこ桜煮（今まで食べた蛸の中で一番柔らかかった）、車海老（今まで食べた茹で上げの中で一番生に近かった。ちょっとやりすぎ。後、朧多いな～）、サバ、玉子（５種類の白身を使っているらしい。表面はカリッと中は相当な空気感。王道とはとは違うのかもしれないが、記憶には残る厚焼き玉子。）、鯵（生）、カスゴ（スダチは２滴。スダチの量に相当気を配っている）、ホウボウ、イワシ、金目の炙り、鯵（〆たもの）、あなご塩、ツメ（御客さんが入店してから煮始めるとのこと。かなりの水分量だが、水っぽくはない。）、蛍イカ（つまみで）、トリガイ（湯引き）、青柳（ヒモと一緒に）、小柱（開いて３つを握りに）、赤貝、ホタテ（歯ごたえあり）、平貝、ウニ、ボタン海老（湯引きした海老の下に味噌を添えて）、イカ。味噌汁のお椀。ネタ質は、高級店の下の方を原則に、中程度まで至ることもあるといったレンジか。包丁使いを含めて、修行先で教わったことではなく、自分なりの工夫を色々施してあって、へ～と思うことが色々。特に尋ねているわけではないが、色々こだわりポイントを解説してくれる。こちらのサバは、塩で何分、酢で何分〆まして、、、とか。シャリは赤酢を使用しているものの、インパクトは強くない。兄弟弟子の太一とはまた全然違うタイプ。塩、酢ともに柔らかめ。炊き方も若干柔らかめ。握りのサイズも小さく、大人しい感じ。仕事の具合から見て、ネタも仕事の仕方からみるに、派手な味わいではなく、柔らかな、バランスの良い味わいを目指していると思われるため、主張しすぎないシャリとの相性は悪くないが、なんとな～く物足りなさを感じてしまう。「口に入れた瞬間とろけるにぎりを目指している」（と東京カレンダーに正面切って言ってしまうところに親方の性格が出ている）とのことだが、最初から柔らかな両者が溶け合いすぎているため、馴れ合いのようなやや締りのない関係に思えてしまう。まあ、これは好みの問題かな。味わいは、★３．５～４．０親方は、ちっちゃい感じ。いろんな意味で。いかつい顔との前評判だったが、失礼な話、何か小僧さんみたい。夢とこだわりを、鼻を膨らませて語る小僧さんというか。こだわりについてのトークも、押しが強いというよりは、かわいらしいと感じる人も多いかもしれない。若者が集う西麻布なら彼のキャラクターは丁度よいかもしれない。太一とはある意味好対照。女将さんも丁寧だし、２番さんも（の方が？）しっかりもの。小ビール１、日本酒２合で、お会計は、、、、１４．９みなほん。こりゃー安いわ。２６貫分でこのお値段。１２時LOだし、お客さんをもてなそうとする姿勢はしっかりだし、使い勝手はよいかも。コスパ、温かなサービスも込みで★４．０．小さな、だけど、確かな満足。
江戸前鮓 すし通,少し前の訪問になるので、記憶が断片的なので覚えている事だけ。・大トロの味が極上(日によって違うのでしょうが)・ボリュームも十分（正直最後の２貫くらいは苦しかった笑）値段が値段なので気軽に訪問というわけにはいかないですが、また行きたいお店の一つです。
江戸前鮓 すし通,ほっき貝白子がけあんきもさわらまつぶ貝に 大トロメヒカリの塩焼きに こはだ北海道の牡蠣に  ボタンエビ佐渡島さんのブリに クエ千葉のかますに のどぐろに 赤身に すみいかに すじこせいこがにごはんしめさばに うにトロたくまきに あなごたまごみそしるアイス
江戸前鮓 すし通,食べログでランキング上位から検索して、当日すぐ行けるところで探しました。先約があるので途中でテーブルに移動できるならカウンターでもどうぞという暖かい配慮でカウンター席に座ることができました。おまかせコースのみということでしたが、食べたいものとか苦手な食材とか希望も聞いてくれましたが特にないのでおまかせで大トロの握りからスタートお酢の効いた酢飯で一手間かけた握りは美味しくて、間に出てくるお造りのスマ、メヒカリの塩焼き、牡蠣のスモーク、あとなんだっけってくらい品数豊富でどれも仕事が丁寧で次から次へと楽しみでした。お寿司屋さんでリピートしたいと思ったお店はあまりないのですがこちらへはまた伺いと思います。いいお店を見つけることができて嬉しいです。
江戸前鮓 すし通,引っ越し祝いで、Aちゃんに連れてきてもらったことがある、すし通さん今回は会食での使用。六本木という土地柄、お姉さまと男性の組み合わせが多いように思えました。大トロから始まり、テンポよくつまみと握りを混ぜながら進みます♪シャリが赤酢と普通の？シャリを使い分けながら、ネタに合ったもので握っていました。また小さめの握りなので、いつもなら最後まで食べられない方でもいけるのではないでしょうか(о´∀`о)のどぐろ、分厚くてレアな炙りで美味しかったな♡ご馳走さまでした！
江戸前鮓 すし通,海外出張からの帰り、どうしても寿司が食べたくなって、人気店の此方にダメもとで電話をしたら、遅い時間帯ならば入れるとの事だったので、ちょうどいーやと羽田から直行しました・・。親方の修行先は「分とく山」だそうで、秋田に在る系列の「侘桜」や「和食なり」の話をしたら懐かしそうに思い出話をしてくれました・・。親方は腕も良いけど笑った顔が良いですね・・初訪の人間でもなーんか和みます・・。料理の詳細は写真を参照していただけましたら・・。また再訪したいなと思える良店でした・・。
江戸前鮓 すし通,いやいや、感動しかありません。店主の空気感、店の佇まい、お寿司、あて、お酒、、、。素晴らしいです！つきだしの初夏を感じる一品、いきなりとろの鮨、 熟成シマアジの薄造り、凄いサイズの真つぶ貝、1キロオーバーののど黒などなど。。熟成鮨の名店で有名ですが熟成感が本当に素晴らしいです！本来熟成は肉も含めてあまり好きではないのですがここは次元が違います。是非行っていただきたいので細かくは記載いたしませんが〆の前に出てくる味噌汁は神がかってます。海老と魚介のお出汁なんですが味噌汁というよりほぼビスクですw感動的な時間をありがとうございます。
江戸前鮓 すし通,六本木駅1c出口から徒歩8分にある、江戸前鮓 すし通高いお寿司屋さんだとカウンター席しかないお店が多いんですが、ここのお店はテーブル席もあって3人以上で行く時は便利なお店です店内は明るい感じで、接客はもちろん完璧料理はお任せしかありませんが、1品1品が美味しくお腹いっぱいになりますお酒も色んな種類のお酒が置いてあり、ゆっくりお寿司を楽しむにはオススメのお店☆多少高いな～と感じる部分もありますが、値段以上の満足も味わえるはずですまた来店したいと思いますご馳走様でした(´･ω･｀)
江戸前鮓 すし通,今日は接待の下見、ギロッポンでしーすー(^^)食べログ評価が高くブロンズを獲得されているコチラのお店に予約して伺うことにしました。店は六本木通りから少し入り、入口が地下にあるので通り過ぎちゃいました笑できればカウンターに座りたかったですが、満席とのこと。半個室のようなテーブル席でしたが接待ならコレはコレでいいかも。お寿司は2週間熟成させたマグロの赤身からはじまり、さわら、さんま、ホタテなど。どれもネタの熟成度合い、シャリの握り、ネタの切り方？は寿司というカルチャーを感じさせる程の丁寧な仕事に一品ごとに感動するレベル。特にふわふわの穴子は泡のようにトロけ、ホタテはこれでもかというほどに肉厚で絶品でした。ごちそうさまでした(^^)
江戸前鮓 すし通,ミシュラン獲得。予約困難。食べログ3.9。西麻布のすし通へ。熟成鮨が美味しいお店です、大変人気だし有名ですよねー。職人気質のお寿司屋さんです握りとつまみが交互に出てくるタイプ。お会計２人で六万円也。
江戸前鮓 すし通,1月から大将が変わり、行ってきました。門構えやスタッフさんなどは変わらず。昨年は、大将が辞められる事もあり、予約取れないくらい満席でしたが、今回は3組のみ。熟成度合いは、相変わらず美味しいが、シャリが少し変わったような。赤酢が少なくなった？！のど黒、ウニ、エビなど絶品には変わらずですが、何となく、何かが違う気が、、、しかし、コブ〆など思わず目を閉じてうまい！！と自然に言ってしまうのも事実！1部より2部の方がゆっくり出来るので好きですね。
江戸前鮓 すし通,藤永氏は2016年末で去られ、あらゆる意味で以前のすし通とは別のお店です。ーー藤永氏は2016年末で去られ、新しい方が握っていらっしゃいます。2017年１月中旬、つまり新しい方に代わられてから1週間ほどのタイミングに伺ったので、もしかしてまだ本調子でらっしゃらなかったのかもしれません。が、仕込み、酢飯、握り、鮨の大きさ、ネタと酢飯の温度感、チームワーク、あらゆる意味で以前のすし通とは別のお店だと感じました。
江戸前鮓 すし通,食べロガー友達と待ち合わせて行ってきました前から行きたいお店の一つで，予約してくれた友人に感謝です目の前が駐車場になっているのも助かりますね店内は，若干くの字に曲がったカウンターになっていますもう，食べなくても美味しい雰囲気がムンムンしています(笑)ツマミも，握りも申し分なし特に，特大のからすみは芳醇でず～と楽しめる大きさパリパリの海苔で巻いた軍艦が，美味でした早く食べないと，はだけてバラバラになっちゃうんです名物ネコバスも，記憶に残るお鮨ですね～大将が，年内一杯で辞めるとの事残念ですが，新天地でまた頑張って欲しいですね帰りがけに，次期大将が名刺を配っていました何か，応援してあげたくなっちゃいますよねまた行きましょ～
江戸前鮓 すし通,3回目の訪問（予約は3週間前）接待で訪問お寿司のリクエストを頂戴し、このお店に行ったことがないということで、迷わず予約。寿司の世界観が変わるお店です。ここに行かずして死んではダメです、というほどお勧めのお店です新鮮な魚をあえて熟成させることで、旨みを生み出す職人技には頭が上がりません。大将のこだわりがあってのお店だと思います。寿司に負けないように、寿司の合間に出される料理も確実にパワーアップしていますなお、人気店なので6時・8時スタートの交代制です。20分程度の遅刻であれば、早く食べることでリカバリーはできますが、空間と食事の2時間を存分なく楽しんだ方が良いので、タイムリーに訪問されることをお勧めしますまた、伺います
江戸前鮓 すし通,4年に一度の肉の日でしたが、数々の誘惑を振り切って訪れたのはこだわりのお寿司屋さん。細かい包丁仕事に注目が集まりがちですが、逆に細かい事は気にせず、美味しい物なら何でも美味しく楽しく出してくれます。久しぶりの訪問でしたが、お寿司屋さんを訪れる人の心をしっかり理解し、そのために変わらぬ努力を続けていらっしゃるのがよくわかりました。人気で予約が取れないのももっともです。こだわりが強いだけに好き嫌いも強く表れるでしょうが、偶然隣に座られたこれまたこだわりのお餅屋さんの話がとても楽しく勉強になったのも、この大将あってのことだと思います。
江戸前鮓 すし通,5年近く通わせてもらってます。今回は久しぶりの訪問！相変わらず「寿司命」な大将、気さくで好きです。今回はお任せで。２週間寝かせて、さらにはマグロの繊維をピンセットですべて取り除き隠し包丁を50本入れた本鮪からスタート。大将が「研究に研究を重ねていきついたのがこれ」と出してくれた ほぐした蟹と蟹味噌でシャリを包んだ「シャリ2、カニ8」の割合のお寿司。こんなお寿司は初めて食べたなー、最高でした。他も全てがおいしい。大好きなお寿司屋さん。
江戸前鮓 すし通,大将の仕事に対する真摯な姿勢がお店の雰囲気、面構えに出ているな思うほどハードも本当に良いお店です。ネタとなる魚、貝等もここまで手を入れて時間をかけて捌いて貰えれば嬉しいでしょうね。カウンターの中で大将が握っているのを見ていると、その所作だけでヨダレが出てくるほどにすべてが洗練された素晴らしいお寿司でした。ただ一つ、ただ一つだけ残念な事があるんです(泣)予約する時の電話対応の女性がまぁヒドい。。。2回ともそうだったのでいつもそうなんでしょうね。。お寿司は最高なだけに勿体無いです。
江戸前鮓 すし通,食べログではなく知人の紹介で平日夜伺いました。無数に隠し包丁を入れ、時には浸透圧まで計算して塩分を調整し、貝を仮死状態のまま食す、、などなど、素材に強烈な愛情を感じるほどのオタク度には感服。シャリの具合もちょうどよく酢飯のバランスにも繊細さが伝わってきます。握りを出すときの大将のひとことが面白い。カウンターのお客さんすべてに全く同じ薀蓄を同じ調子で話されてるのを見ると台本があるのか！？と思ってしまいます。もはや、エンターテイメントの世界。季節ごとにネタも変わるとのことまた伺いたいですね。
江戸前鮓 すし通,かねてより、評判を聞いていたすし通へ熟成ネタはなるほど、と思わせます。まずは、名刺代わりにと言って　ぽんっと置かれた大トロ大間のしび　１７０ｋｇのものを１４日目の熟成で。８０数回切込みをいれて～大将が説明します。口の中でとろけすぎるほどとろける大トロです。寿司、刺身、一品料理、寿司と色々なものが少しづつ交互にたくさん出てきます。内容は忘れてしまいましたが、焼きもの、汁物など全てが完成度高く、特に熟成ネタは非常に美味です。
江戸前鮓 すし通,今回は以前から気になっていたお店の寿司通さんにお邪魔しました。店内は思っていたよりも広く、カウンターの他に、テーブル席に奥には個室もありました。料理はお任せみたいなので、とりあえずビールで乾杯しながら待っていると、つまみがちょこちょこと色んなのがでてきました！どうやらこちらのお店は一品料理を出してから、最後に握りを出すタイプのお店とわかり、とりあえず料理を次々食べると、これまたかなりおいしかったです。個人的にはタコを煮た料理が最高でした。そしてなにより握りが絶品でした！トロ、ウニ、車海老最高でした！値段もかなりお酒も飲んで1人2万円くらいだったので以外とリーズナブルでした、是非またいきたいです！
江戸前鮓 すし通,"「ゆっくりしていって下さいね～」と大将の気遣いが感じられますここは都内某鮨屋の常連さんに教えてもらいましたおつまみはイマイチだけど、鮨が美味しいと聞いたので、行ってみました包丁を細かく入れた中トロはすき身の様であり、５日かけて仕上げたイカ（何イカかは忘れました）はトロケましたカラスミはチーズの様であり、今までの鮨の概念を覆す店でした大将のウンチクが入りますが、色々と勉強になりました全体的には普通に美味しいレベルで、唸る旨さという品はなかったです私としては18,000円位と思っていましたが、アルコール無しで24,000円でした・・・かなり高いですね・・・次回からは昼に行く事にします・・・"
江戸前鮓 すし通,出張が決まり、2ヶ月前に予約。無音に緊張感と期待度が高まります。マグロの熟成と提供前の包丁。そりゃ食うわ❗うーんま❗そうとしか言えない❗テレビで見たイカのお話し、食べ残された理由を調べて、それを解消するための研究。まさに科学者です。研究者と変態は紙一重なのか？ズワイガニのダルマのような握り、「え？シャリはどこにあるの？」ってくらいかに。(笑)ビバ東京❗北海道では味わえないいい時間をありがとうございました❗
江戸前鮓 すし通,食べさせ方から味に至るまでサイコーです。寿司と一品が交代に出てきてストップを告げるまで出てくる感じです。いろいろ楽しめてほんまに美味しいです。関西にはこんな感じないので東京来てお寿司行くならここしかないと思うんだけど。。。挨拶代わりのお寿司から始まりどこまでも食べてみたいって気付けばそれなりの金額！まぁここでしか食べれないこと思えば納得です。ここ以上があれば教えてもらいたいです。。。^ ^
江戸前鮓 すし通,人気店です。昼は１回転夜は予約がマスト。カウンターの後ろに半個室が並ぶ。ご主人は淡々と自分の仕事を説明する。勿論産地や漁場の話も。今や流行りのような熟成や食べごろや包丁の入れ方や。熟成や食べごろの話はそれなりの鮨屋なら当たり前のこと。「ほー！」とか「へーー！」とか感心している客がとなりにいるのが煩わしい。。。（笑い）店のやり方と客の好みは相性。技術と味には限りなくレベルがあるし、納得感も店それぞれで比べよう本当はない。１度は伺いたいが通う気にはならない自分は鮨保守派です。
江戸前鮓 すし通,１年ぶりの訪問ですこの界隈ではたまに伺いますあいかわらずの雰囲気の中、今日は日本酒からせめて、おまかせでスタートわりかし以前の時より創意工夫されている様にも感じました。でも～うんちくの話が長過ぎるし、自慢にしか聞こえない時もあると思います。また、熟成が進み過ぎて少し？？あれ？って思う握りも有りました。トロはあそこまでとろけさせて良いのですかね？？包丁が入り過ぎてると思います。でも～私は単なるグルメなだけなのでヤハリご主人の考えがあるのだろうと思います。巻物も満足感は有りましたが代官山の韻さんで斬新な巻物を出して頂だいたあの巻物が忘れられないので。ご主人に追加でお願いしました。そうしたらそんな巻物、どうなんだろうと(´・ω・｀)はじめて巻くよと嫌味（笑）ですかね。でも～巻いてくれて満足しました堅苦しい感じはないですが・・・もう少し、放置されたいかもｗｗｗ
江戸前鮓 すし通,知り合いの記念日をお祝いするために、信用できる人たちから聞いて、お勧めのお寿司屋さんとして訪問しました。中は清潔感があり、ジャニーズ系の有名人がいたり、業界系の人たちも多かったです。私はそこまで高級店に慣れている訳ではないので、作法などを知っているわけではないので、少しだけ馬鹿にしたような対応をされました。恐らく向こうはそのようなつもりはないと思いますが。。味に関しては、料理長さんが顕微鏡で魚を分析するぐらいに研究をされているように、味の洗練さ、シャリとネタのバランス、量など全体的に素晴らしかったです。記念日として花を用意してくれたり、料理を細かに説明をしてくれるなど、サービスレベルは高いと思う分、それを感じてしまったことが残念です。
江戸前鮓 すし通,こちらの大将は非常に勉強好きな方だと想う。ほとんどの魚が数日寝かされており、隠し包丁が入れられている。四谷のすし匠で初めて熟成された魚を食べて以来の新鮮な驚き。しかし、評価は2つに別れると思う。やはりどうしても採れたてですぐ魚をシメて提供してくるお寿司を好きな人にはウケないだろう。だが、寿司も進化し続けるのをOKとする人には最高の寿司屋だと思う。私は後者なのだが、だからと言ってこちらのすべてのネタの熟成度合いが好きではない。なのでこちらに伺う前にいろんな有名店で食べてみてから来た方がベターかも知れない。初めて来た有名店がこちらだと正しい評価が出来ない可能性が高い。それだけ他店とは正統派ながら違う寿司を提供しているお店である。個人的には今後の進化がとても楽しみだ。
江戸前鮓 すし通,西麻布のすし通さんに職場の社長のおともで行きました。店内はカウンターやテーブルがありますがカウンターの隅の社長のお気に入りのいつもの席へ。こちらの特徴は何と言っても熟成。魚を熟成させ旨味を最大限に引き出すそうです。確かにどれも旨味たっぷりで美味しー。そして包丁の入れ方が他のお店とは違い、細かく縦に幾つも切れ込みが入れられています。なので口に入れるととろけるんですー。中トロなんか噛む必要がないかのように溶けて消えていきました。なんかもったいないから、まだいかないでー！てな位、美味しかったなん。また社長連れて行ってくれるといいな。ありがとんでしたー(^o^)♪
江戸前鮓 すし通,何度かいって、美味しくてかなり はまってしまったお寿司屋さんです。でもあることがきっかけで 行かなくなりました。味はもー絶品！！さすが！！ですねもう、 細かいこと言わなくていい感じ。でも それでも行かなくなった理由。いつも一緒に行く方とは別の方とお店に行ったところ。店の方からあれ？こないだだいぶよってましたよねー大丈夫でしたか？今日は平気そうだねとおいおい待てよ。こないだ来た時はほとんど飲んでないですし。誰かと間違えてませんか？それよりも、連れがいる客に対して なんでこないだはーとかいうのかな？そういうことは 連れがトイレに立った時に言うとか気を使いましょうよ。いい値段とる 美味しいお寿司屋さんなんですよ。そこのとこ ちゃんとしてください。それから行かなくなりました。それでも 味は美味しいんで こんな評価です。行けなくなったのが残念です。
江戸前鮓 すし通,正統な江戸前の基礎を持ちながらも、新しい鮨のあり方に挑戦し続ける大将のつくりだす艶やかな鮨は、他の鮨とは別のジャンルのものに思える。最上級の鮨に隠れがちだが、特筆すべきは小料理のクオリティの高さ。それだけを楽しむ小皿料理のお店を作ったとしても一流店になるだろうと思えるレベル。この内容で2人で4-5万円というコスパの良さから予約の取りづらいお店になってしまったのでなかなか行けないのが残念。
江戸前鮓 すし通,会社のスタッフと行きました。兎に角お寿司には感動しました。海老と大トロ、塩で食べる穴子の美味しかったこと！クエの揚げ物もカリカリで美味しくいただきました。カラスミの量も箸休めに丁度よかったです。ちなみにこちらはお通しが食べ放題です。ワカメ、ガリ、出汁と酢でつけた生姜が提供されるのですがこれがまたいいんです！あまりに気に入ってしまい、私はその日のお店のワカメを食べ尽くしてしまいました…近い内にまた行こうと思います。
江戸前鮓 すし通,友人と伺いました。相変わらず予約なしでは入れません。やはり何度来ても何を食べても美味しいです。ビールからの白ワイン、ひれ酒を飲みました。ひれ酒がとっても美味しい。少し寒くなってきたこの時期にはぴったり。一通り食べてお腹いっぱい。最後の締めの汁がまた美味しい。値段が高いので、頻繁には来れませんがたまの贅沢として定期的に通いたいお店です。大将もすごく面白くて気さくな方です。来月また行きたいと思います。
江戸前鮓 すし通,ニギリとツマミを交互に出していくスタイルのお店。最初に挨拶代わりとしてマグロの握り、これは確かに旨い。板前さんから熟成にこだわっているとのお話あり、確かによく熟成されたマグロだった。その後はものすごく旨くはないが、旨いものが出てきた。三徳？の雲丹も食べさせていただいた。値段が高いと説明されていましたが、味がそれほど劇的にかわるものではなかった。クエの唐揚げ等出てきて旨いんだけど、もう一度早く食べに行きたいという店にはならない。
江戸前鮓 すし通,ランチ1500円の焼魚御膳は、干したり脱水処理を施した焼魚が3種 刺身などの小鉢が3種 裏漉しされたアラ椀 美味しいご飯…素晴らしいコストパフォーマンスデスね。3675円の握りもヅケマグロ、口の中でとろける筋抜き中とろ 甘いアオリイカ 鯛 全く青臭い無い鯵など…全て仕事が施された大将のお勧めが8貫 海苔が最高に美味しい細巻きとカステラをイメージして焼かれた卵焼き 裏漉しされたアラ椀…こちらはご褒美ランチの時の定番。夜はあまりお邪魔してませんが、握りと一品が交互に出されるもてなしです。大将脇の板さんが開店以来かなりの頻度で代わるので安定しませんね。でも激戦区西麻布六本木ではイチバンの鮨屋である事は間違いありません。
江戸前鮓 すし通,忘年会で2名で訪問。ここのポイントは。とりあえず【魚を極限まで寝かす】事。しかも氷室で。当然大将は寝てません笑。その根性にまずは賛美を。そして、肝心の味。個人的には寝かし過ぎな気がするが、美味しいは美味しい。あとは好みだろう。フレッシュなネタが好きな人は、避けたいかな。しかし、大将の情熱は買いたい。どれもが手が込んでいる。味も最初は薄味で、最後に向けてどんどん濃いくなる。こういう心遣いの出来る大将も好きですね。サービスも結構いいので。安くはないが、一度は行ってみるのもいいでしょう。再訪は・・・、総合的にはありかな。とにかく魚をいっぱい寝かします笑。
江戸前鮓 すし通,ここ最高に美味しぃ～(ﾉ∀`*))))♡みんながオススメする理由がわかったょ(σ*'3`)σ普通のお寿司屋さんは、小鉢が出てきて、刺身が出てきて、焼き物、が出てきて…からの～お寿司～って…まぁ、結局、お寿司あんまり食べれない～みたいな結果になりがちだけど、ここは違うんだな～((-д-)(-д-))ﾁｬｳﾁｬｳ お寿司と、一品料理が交互に出てくるから、最後にお寿司が食べれないって事もない(*`∀´*)ﾉ出し方も、お寿司屋さんは任せなので、美味しい食べ方ができるワケですょ～ん( ´ｰ`)お寿司屋さんでは久しぶりのヒット～美味しかった♡特にあの名刺変わりの中とろ～ｬ━━━━(*｣´∀`)｣━━━━ﾝあぶりのキンメ、昆布締め、すべてパーフェクトでござんす！！
江戸前鮓 すし通,元ライブドアの堀江受刑囚のファンであり、堀江氏が通う店なので是非一度行ってみたかった。期待に違わない店です。１品１品のこだわりが半端じゃない。僕は、いろいろな寿司屋を食べ歩くタイプではないのですが、それにしても、今までの寿司屋と全然違う。普通の寿司屋は鮮度自慢で売ると思うのですが、こちらは、うまみを熟成させることを強みにしているようです。大将と同じ年だったのですが、「一番うまい店と言われるのは好みの問題があるけど、一番努力をしている店と言われたいね」が、最高の言葉だと思います。台湾の要人の専属料理人もしていたそうです。自分は田舎っぺですし、この金額なので、そう何回も行けるものではありませんが、鮨好きの人は、死ぬまでに一度は食べるべきでしょう。他の人の口コミのように細かく書く事が下手なのですが、金額的に許容範囲の人は、絶対行ってみるべき。
江戸前鮓 すし通,私にとって、東京で一番美味しい鮨屋さん。５〜６回ほど伺いましたが、毎回ど肝を抜かれる旨さ。美味しい！というより、感動します。丁寧に仕事されたネタはどれも美しく、素晴らしい。とくに昆布〆が最高。ねっとりと、魚と昆布の絶妙な旨さがたまりません。場所柄かクラブのお姉さんと同伴している男性をよく見かけますがカウンターに並ぶと匂いがキツい事があるので、そういう方を連れて行く時はは気遣って行ってほしい。
江戸前鮓 すし通,"コースはお任せ.　一貫目からまさかの鮪大トロ!?しかも,　この時期の鮪とは思えない脂のノリ！珍しいコース構成で攻めてくるだけあって,　美味しい!!コースの間のおつまみも珍しい提供をしてくるので,　食べていて楽しい.　例えば,　食べ慣れている鰹の炙りでは,　添えられている藻塩がふっくらとしており,　山葵と組合さることで鰹の引き立たせ方が計算されているようにさえ思える.　が,　この勢いは最後まで続かなかった….　数々の握りのネタに施されている飾り包丁はどれも綺麗なのだが,　包丁を入れたことにより,　食感が薄れ,　食べているときの感覚が寂しく思える.　致命的である.　また,　穴子の握りでは穴子の臭みが残っており,　お味噌汁では出汁の臭みが強く,　美味しくはない.　一貫目のインパクトはどこへ行ったのか….　接客については,　表面的な接客は良いが,　裏で行うべき行動を表に見せている部分が多く,　意識の低いアルバイトと変わらないように映った."
江戸前鮓 すし通,夜に４人で訪問先客がいらっしゃいまして、アジア系の1組その日は我々も含めカウンターだけの予約しか入っていないらしく、店内の客は我々と隣のアジア系の方だけでした2-3年前に伺った時は藤永さんという名物大将がいらっしゃったのですが、もう辞められたそうです何はともあれ最初に出していただくのがここの名刺代わりの大トロたしかに細かい仕事がされていて美味しいしかしなんかこう感動がない、、ある意味以前は名物大将の名調子の説明から一つ一つ頂いていたので一品一品楽しみながら頂けたのですが、いい意味でスムーズ、言い方を変えるなら味気ないといいますか淡々と次の寿司へと流れていきました寿司と一品料理を交互に出していただくのですが、あまり記憶に残る一品はなかったです寿司は写真の炙った金目鯛や、熟成された鯖は本当に素晴らしく、シャリもネタに合わせて変えられて居るようでそれらはとても素晴らしかったですしかし以前伺った時のような、見て、聞いて、味わってといった一食の食事を楽しむといった総合的なエンターテイメントを考えるとすこし残念な気持ちでしたお酒の種類は多数あり、日本酒好きにはなかなか良いセレクトでしたビールもオリジナルクラフトがあるらしくそちらはお好みだと思いますがわたしはあまりアンバー系が好きではないのでイマイチでしたスタッフの方の対応も決して悪いわけではなく、職人さんもきちんと仕事をされていらっしゃると思うのですが、外国の方ばかりだったせいもあるかも知れませんがなんというか温かみを感じられず、居心地の良い食事にはなりませんでしたボリュームも30代の我々にはすこし少なかったですね、、、帰りに階段を登って行く際、スタッフの女性の方がずっと頭を下げていらっしゃった事は素晴らしかったなとありがとうございました
江戸前鮓 すし通,手直しです【お知らせ】ご存知の方も多いとは思いますが、藤永の大将が独立しましたネコバスはもう発車しません今迄のすし通とは違うお店になりました前の写真と比べてみてください独立する事は知ってて、1月いっぱいで、だと聞いていたので、去年急いで予約を入れたら、12月いっぱいで引退に変更されてた予約は入れてるから、とりあえず1回は行ってみるかと昔からの親友4人で新年会で訪問新しい大将は、ソウルのお寿司屋さん出身らしいです昨日から仕事初めで、12日の今日が走り出して2日目だと大将以外のスタッフは同じなのですが、やはり頭が代わると、店が全然変わるのは何の商売でも同じですねお会計は同じで、料理の内容が、、、、お任せで少しのんで27000ほどネガティヴな事は書きたくないので、細かくは書きませんただ今年から大将かわったので、皆様にお知らせしようかなと食べる事が好きなので、お店のチョイスを失敗すると凄く悲しい気持ちになります
江戸前鮓 すし通,テレビで観てから何年も行きたかったお店。東京都港区西麻布にあります「すし通」さん。お店と言うより大将に会いたかったのです。一部は18時から二部は20時30分から始まります。おつまみとお寿司が交互に出ます。せりとほたて2週間大間の本マグロのトロこれがテレビで見ていた「名刺代わり」のお寿司ですね。50もの隠し包丁が入っています。熟成させているのでねっとり感がすごい。ねっとり感の中に甘味もあり絶品としかいいようがないです。グルメなお友達もこのお寿司にはびっくりしていました。かつおのたたき 横に添えられているのは、ゆず胡椒。かなり辛いのでそのまま食べてみてからつけてくださいと言われました。今まで食べたことがないくらい辛くてびっくり。おとなしくポン酢で楽しみました3日熟成ぼたんえび熟成するとえびのねっとり感が増します。八角（ハッカク）塩焼き名古屋では聞いたことないお魚ですね。白身のお魚ですね。たちうおのような感じです。ぶり 自家製からすみ大きなオレンジの塊が出てきました。つけものかと思ったらからすみでした。少しずつかじりながらお召し上がりくださいといわれ日本酒片手にちびちびと楽しみました。やわらかくて噛み締めるとからすみの味がしっかり感じられます。ふぐの白子がけ鯛とろりとした白子が鯛の上に載っています。口に入れると白子の味がふわーと広がります。のどぐろ昆布締めさわらの昆布つつみ昆布に包まれているさわら。昆布の香りがほんのりついて旨味が増しております。なすの形をした麸もかわいい♡おつまみも持ってくる方は料理の説明をささっとして去っていってしまうので聞き直せず。ゆったりした空間なので急いでいるのがとっても目立って残念でした。小柱たくさんのっていました。このねっとり感と甘みにいつも感動。せいこ蟹今月3回目のせいこ蟹。ほぐしてもらって卵と一緒にいただける幸せ最高です。金目鯛昆布締めきれいなピンク色ですね。皮目を焼いているので香ばしい。トロたく軍艦巻きトロとたくあんを軍艦巻きにしています。なめらかなトロとたくあんのシャキシャキ感が絶妙。博多柚子めんたいおろしかなりさっぱりしています。お口直しにピッタリ。まながつおの紅梅あげ梅がほんのり酸っぱくてこちらも良い口直し。穴子 しおたれが美味しいと思ってましたが。塩も穴子の甘みが引き立ってかなり美味しい。柚子の香りで味が引きたちます。ほろりと解ける食感は何度食べても癖になる。バフンウニ板さんの前に出てきたウニが大きすぎてびっくり。それをそのまま乗せたのでさらにびっくり。シャリが見えません。以前土方さんで大将に教えてもらった横食べを実行しました。すんなり口に入りました。甘みのあるウニでスイーツのようでした。信じられない美味しさ。本日わたしたちの前に握ってくれた板さんは「分とく山」出身で今度からお店を任されるようです。上品なお方でした。残念ながら現大将の藤巻さんは12月いっぱいで辞められるそうです。テレビでお見かけしてからずっと来たかったお店。大将に最後に会えたのも、会いたい気持ちが伝わったのですね。いつかどこかでまたお店を開かれたら、今度は大将の握ったお寿司を食べたいなと思いました。こちらで詳しく書いています。遊びに来てくださいね。http://gourmetbook.blog69.fc2.com/blog-entry-761.html
江戸前鮓 すし通,すし通さん初訪問です！前から気になっていたお店！すし通さん大将が鮨変態みたいですね！お店は入り口に入るまでは凄く良いですね！かっこいいですよ！店内は結構広々、カウンターがめっちゃ長いです！僕の興味は大将の鮨変態ぶりがどんなものか。気になりますよねw着席早々僕らの隣のお客様に大将が俺ほどの鮨変態はいねぇと豪語してて、笑いましたwあっ、なるほど、お客があの大将は鮨変態だ！と言ったのではなく、自分で言ってるんだと思いましたよw自分で鮨変態ってゆーのはなかなかですよねwまず、名刺代わりだと、トロがでます！トロの両側に52ヶ所の隠し包丁が入れてあります！テレビなどで見ていると、みな悶絶していました！感じたのは温度ですね！冷蔵庫から出してすぐ握るからトロが冷たい！冷たさが際立ってる！初音鮨みたいに温かいお皿においてからお客様に出せば、より口の中でとろけるような感じになるのかなぁと思いましたよ！あと通称ネコバス！ウニの軍艦の４倍位のウニを海苔無しでシャリに乗せる！これは発想は良いですね！ウニすぎな僕は目でも楽しめました！2017年1月をもって自称鮨変態の大将もすし通抜けるみたいです！まず、オーナーじゃないのにビックリですw残りわずかw
江戸前鮓 すし通,＜最近＞下に書いた開店当初は夜は２時まで開けていて、いつも予約せずに訪問していました。そんな日々は遥か彼方に去ってしまい、入店も６時からと８時半からの２回制となり、今は押しも押されぬ西麻布きっての鮨店となりました。ので、このコメントを追加し、金額も訂正させていただきます。変わらないのは、大将の鮓への情熱と、その味です。予約は余裕をもってしましょう。＜開店当初＞西麻布周辺で価格、内容がもっともバランスの取れている鮨屋でしょう。若い大将が工夫を凝らして出すネタは、いつ訪ねても驚きがあります。他と店との違いをわかってもらおうと気が張りすぎているところもありますが、今後ますます伸びていくと思われます。いくつかのネタを説明。トロは「薄切り5枚重ね」・「細かく包丁を入れる」のどちらかで出してくれます。どちらもより口の中でとろける用に配慮しており、ネタの状態によって変えているようです。カツオは、身の焼けた部分を除いて、本当においしいと思われる部分を出してもらいました。白魚は桜葉と一緒に蒸して握ってくれます。題名のとおり、ツウでない人にもとってもお勧めの「すし通｣です。
江戸前鮓 すし通,ハンパないです。満点よりも遥かに高く高い満足度です。点数つけるなんて失礼なくらい。と、言うのが私の感想！！感動しかなかった。 ^ ^「ママになって一歳おめでとうお祝い！」と言って、この日ばかりは子供を預けて連れて行きたいところがあるという主人。久しぶりに二人で楽しみ〜〜(^○^)と思っていたら連れられて行ったのは西麻布。なんのお店なのか秘密という事だったので、久しぶりにワンピースを来て高いヒールを履きました(^○^)お店は階段を降りて地下にありました。中に入ると、カウンターのど真ん中の席、大将の正面に通して頂きお寿司だぁ〜〜(^○^)！！と喜んでいたらどんどん予約の方がいらっしゃり、あっという間に満席。夜は二回転しかしないと後で主人から聞きました。ランチは不明ですが、夜は予約は二カ月待ち。そして二カ月後までの予約しかとらないとのことで、皆様来店された時に次回の予約を取っていくそうで。（全て主人談でありお店の方から聞いたものではありませんのでご了承ください）はぇ〜〜！すごい。開始時間ぴったりに、奥から大将が登場！まず目に留まったのは、手の綺麗さ！！遠目からでも赤ちゃんのような質感なのがわかります。お酢とお水をブレンドしたオリジナルのローションで欠かさずお手入れをして、昼間は紫外線を浴びないよう暑い日も長袖、ジャンパーを着用しているそうです。すごい。自分の手のお手入れもプロ。近くで見てもやっぱり美しい手でした。割合は聞きませんでしたが、後日自分でネットで調べて今お手入れお試し中〜〜長くなりましたが、トップバッターは鮪！しかもトロ！！口に入れた瞬間、「美味しい！！何これ？！」と思わず言ってしまいました。食べた事のない、食感、旨味。一品料理と握り、交互に出てきます。一品料理で忘れられなかったのはアワビ。バター風味が堪らない！甲殻類、貝類を食わず嫌いで一切避けてきた私。生まれて初めてここでいろんな貝、イクラ、このアワビを食べました。初めてがこれでよかった！！今まで食べなくてよかった！！w「すごい！！美味しすぎます！でも他では食べたくないです！」と言うと、大将も「うん！ここ以外では食べなくていいよ〜」と言ってくださいました。穴子もふわふわ、なんの魚かは失念してしまいましたが昆布じめのものは、表面パリッ！中ふわ〜でもう言葉にならず。w素晴らしいです。そして何より私がこのお店で好きになったのは大将の心持ち。人間誰だって100人いたら100人には好かれない。ここの口コミにも色んな意見が見られますが私は大将のお人柄、考えに一番感動しました。「俺はね、師匠から習った事は一切やらない。教えられた事しても同じでしょ。だから、自分で作る。魚だって20歳の頃から顕微鏡で細胞見て研究を重ねて、今だってそれで判断して出しているんだよ。」こういう風に自分の軸がしっかりしてる人、本当に大好き。「師匠はね、68で俺を見つけたんだ。その時言われたのが「やっと見つけた」って。それから10年ずっと毎日教えてくれた。亡くなる78まで。奥さんにも言われたよ、「あんたのせいでうちの主人がおかしくなった」って。それくらい一緒にいる時間が長かったから。」「今日みたいに本当に大切な人とおいで。もちろんいいけど、俺はお付き合いで来られるより、大切な人との空間にしてほしいから。それが一番なんだよ。」68歳で見つけて、10時間以上の時間を10年共にしてまでも教えたかった人材。大将の信念を聞いていて、その価値は十分にあるお方だなと思いました。私は大好き！ここの大将。ハッキリしてる所もいい。人生は自分のものだし、お客様の事を考える前に、自分の軸がしっかりしていないとふわふわするし、自分の納得のいくお店が自分の幸せで、それを喜んでくれるお客さんが集うお店が最高のお店だと思う。お店はいっぱいあって、行きたい所にいけるんだから、自分が好きな所に行けばいいんだし^ ^！お会計は5万円ほど。私たちにはその価値を十分堪能できるお店でした。これで5万って寧ろ安くねぇ？！と主人と話しながらいい風漂う夏の帰り道でした。ご馳走さまでした！また行かせてもらいます！！
江戸前鮓 すし通,"■ランチ：魚定食　1,900円お任せ　3,000円～ちらし　3,000円■ディナー：お任せでオーダーにぎりとつまみが交互に出てくるお店です。今回のディナーは香港人をご案内。日本中のレストランを食べ歩いている食通の方ですが大変喜んでいただけました。大将は、日本語が出来る方がいないと予約を受け付けないそうです。鮨についてきちんと説明をして楽しんで味わってもらいたいから。大将のこだわりが感じられます。大将の日本語での説明を、私が英語で通訳しておりましたが、台湾で修業をされていたという大将は、自ら中国語でも説明をしてくださいました。昼と夜訪問しましたが、夜の満足度が圧倒的に高いです。■雰囲気年齢層：20~70代客層：男女グループか男性のグループ接客：丁寧です内装：綺麗で清潔感があります外装：地下ですが、圧迫感なく素敵です■用途４名がけの半個室が３つほど。個室もあります。食事にこだわりあるお客様も満足いただけます。大事なお客様との会食に是非。"
江戸前鮓 すし通,とにかく、お店の入り口から期待が高まります。中に入ると、立派な檜のカウンターがお店の中央に。おまかせなので、握りとおつまみが交互に出てくる新鮮なスタイル。最初からお店の名刺代り名物である、大間マグロのトロの握りから。確か14日間熟成され、隠し包丁の切れ目がなんと50回も入っているとなんと手の込んだ一品！シャリの量は、かなり少なめ。口の中でとろけていきました！熟成されていたので魚の味もしっかりにじみ出て来たのが印象的。その後も、とにかく目新しい魚ばかりを頂くことができ、のどぐろや金目鯛の炙り握りも最高に脂が乗っていて、口の中で温かくとけていく。白魚の握りも、先に桜の葉っぱを白魚に巻いて蒸していたものを使用して握るという更に手の込んだ一品。ボタン海老も、相当熟成されていたので、ねちょり、プリプリ、とろりという触感が同時に舌と口の中に伝わってくる、今まで味わったことのない味わい。こういった、ひとつひとつにこだわりを感じたものが沢山出てきたので、とても印象的でした。そして最後に出てきたウニがとっても甘く、デザートのようなシメ！これには、感動しました！大将のこだわりと追求心が表れたおまかせコースでした。季節ごとに行ってみたいお店ですね！
江戸前鮓 すし通,"六本木ヒルズと西麻布の交差点のちょうど間に位置する『すし通』さん。周囲の評判やレビューを拝読したところ、どうやら賛否両論あるようで好みが割れているようですが、ここはお鮨初心者の特権として、心を無にして伺いました。事実情報はいっぱい頭に入れて・・・カウンター、テーブルと個室もあり、カウンターのみのしっぽりした鮨店とは趣が異なります。客層も賑やかで、若手から年配の方、利用目的としては、純粋に鮨を楽しみに・・・というよりは、寿司を食べて過ごす時間に重きを置いている印象でした。一歩タイミングを間違えると大衆向けとも捉えかねない印象ですが、価格帯は、おまかせコース18,900円のみ、とやや上振れ気味。こちらの一番の売りは、ネタの鮮度ではなく、熟成させた魚介たちを巧みに操ったオリジナルの鮨。最初からタメ口でごりごりで押し寄せてくる大将の正面に座らせていただき、良くも悪くも緊張感は早々に解けていったのでした。口休めは、ガリ・若布・棒しょうが。お通しが出たあと、まずは「名刺代わりに」と、名物の本鮪の握り。隠し包丁が幾重にも入れられ、頬張ると、滲み出るアミノ酸とほどける甘味のバランス。出色の逸品ー！とまでは行かなかったものの、ご挨拶代わりの一握りでまずはこちらも試されているということか。咀嚼ペースや表情までをも、大将は一人ひとりよく観察しておられます。この、無意識的箇所にまで孫の手が届く感じ、常連には堪らないのではないでしょうか。それから、つまみや小鉢、が握りと交互に出てくるのですが、すし匠系とはまた一線を画す混合スタイルで飽きさせません。大将が背中で守っているのは、大切な大切なネタを保管する熟成庫とのこと。ときおり扉が開けられては、熟成のネタが顔を見せ、大将の手によって鮨となり新たな表情を見せる。中でも、桜の葉で香り付けしたものや、熟成させたボタン海老のとろっとろ具合には感動。アレルギーの蟹が出てきてしまったことに関しては、最初にNG食材の確認は必須だと思ったものの、握り最後のその名も『猫バス』！というインパクト大の雲丹の迫力には、自身に満ち溢れた大将の象徴であると、見事に恐れ入りました。誰もが喜ぶ猫バス雲丹♪握りは全部で10貫。〆には例のごとく、細巻でトロタクをお願いすると、「久しぶりに巻くよ～」なんて言いながら巻いてくださった大将の細巻きを、お弟子さんのものと食べ比べさせてもらい、そんなタメ口すらも愛嬌のように感じて、満足して帰路についたのでした。"
江戸前鮓 すし通,2012/9久しぶりの口コミですね。世の中では、解散総選挙や維新の会などがにわかに話題となっている今日この頃ですが、わたくし個人としては、1歳過ぎたJr.が日に日にヤンチャになり、美味しいものを食べに行くという唯一の楽しみが、今まさに危機的状況を迎えようとしていることや、どうしてオフロスキーは子供に絶大な人気を誇るのかなどが、最大の関心事です。そんなこんなで、本日は、子供がいても美味しいものを食べるのに隔たりがあっちゃならねえと口コミのあった、ここすし通さんにお邪魔させていただきました。ありがたや〜ありがたや〜。口コミ通り、洗練された佇まいに、十二分にいきとどいた心配りをしてくれるスタッフ、こだわりが伝わりまくる料理がそこにはありました。どこのすしやとも一線を画すそのお鮨は、この洗練された佇まいのなかで、もっとも異彩を放つギラギラした雰囲気の大将（…すいません）が繰り出しておりました。大阪維新の会のはしもとさんもそうですが、何かやろうとしている人って、身体からパワーが出過ぎて、若干こぼれてるぐらいな雰囲気を醸し出しますよね。そりゃあなたの個人的な感想でしょうって、そうですね。いろんなジャンルで、職人肌の大将をみかけてきましたが、鮨くくりだと北の大地にいた姫沙羅の大将をおもいだしました。すし通の大将はまだ若さに溢れている感じですが、将来はあんな感じになるのかな〜と勝手に思ってみたりしました。とにもかくにも、おいしいお鮨をありがとうございました。ごちそうさまでした。今後ともよろしくお願いいたします。
江戸前鮓 すし通,もう1年以上通わせて頂いていますが、ほんっとにいつもおいし過ぎます！正直、江戸前スタイルの寿司屋でおいしいと有名なところは殆どいきましたが、やはりここが格段に自分好みです！今までに、接待やデートで幅広い相方を連れていきましたが、まぁまず間違いなく感激してくれます。最近は、すこしメジャーになってしまったのか、予約が取りにくくなったのが残念ですが、21時以降や土曜であれば、比較的予約しやすいようです。握りについては、大将のネタ仕込みに対する熱くまじめな姿勢がヒシヒシと伝わってきます。解説もしてくれますが、まず普通に新鮮な魚を捌いて握るだけというものは出てきません。3日間熟成させたトロトロのボタンエビ、コブ〆のヒラメ、マグロも筋をピンセットで一本一本全て仕込みの段階で外し、さらに何十とい包丁を入れ、一貫握るのに、仕込みから含めればものすごい時間をかけて提供してくれます。文章が下手でなかなかこの感動を伝えられないのですが1年以上通っていても毎回ほんとに感動できます！日本人に生まれてよかったーと思わせてくれる、そんなお店です！
江戸前鮓 すし通,"数々の飲食店が姿を消していく、北斗の拳の荒野状態（笑）の西麻布。とくにアッパー鮨業態で殴りこみをかけるなんて通常では考えられない。よほどの自信がなければ・・。知人の紹介を受け、オープン時から５・６回ほど通っています。もちろんランチも。はっきり言いましょう。【鮨の概念が変わります】『江戸前酢』と店頭の暖簾にも書かれていますが、もちろん伝統の江戸前の仕事は完璧に抑えた大将、少しでも美味しく食べて頂きたい心意気は、通い続けている人は良く分かっているはずです。最近はシャリが少し赤みを増し、赤酢の程よい香りが食欲を最大限引き出します。保温状態にも気を使っているとのことで、その秘密は大将に聞いてみてください。ランチは確実に利益ないでしょう　笑昼にぷらっと焼き魚定食（1500円）を食べに行くのが、近くにいるときの楽しみ。握り自体については他の方々のレビューで良く分かると思いますので割愛しますが、特記すべきは・・・・湿度・温度を均一に保つための『氷の冷蔵庫』・特殊な音響装置（これ言われないで気づいたらすごいです）・目線のちょうど良い高さ、スポット照明・圧倒的なコストパフォーマンス鮨の美味しさを高めるために料理以外の快適さには、かなりこだわっています。しかし、私が一番気に入っているのは『気取らずに』大将と小気味良い会話をしながら鮨を堪能できるところ。ポロシャツで行っても、Tシャツで行っても、笑顔で鮨の説明をしながら食べさせてくれます。他のアッパー鮨なら25,000円～30,000円は下らない味を、ここは1万後半でお任せで満腹にしてくれます。まさしく最強CP店。先日、改めて感動したのは『小肌』。この前は何故か鳥肌が立ちました。口に入れて、２・３口目でほろりとほどけだすシャリ、細かく包丁が入れられたネタ、ほどよい赤酢、全てが一体となっていました。握った鮨の底は綺麗な船底の形を成していました。達人です。冷蔵庫の取っ手は素手で握りません。聞いたら『お客様の鮨を握るんだから常識』と・・・。良いね！いつも芸能人の方々がひしめいていますが、皆気取らずに食べれるところがいいんでしょうね。この前はF１レースで勝利後の、バ○ンがいました。あぁ、食べたくなってきた。。今日も行こっ　笑"
江戸前鮓 すし通,同僚の鮨初心者女性が鮨を食べたいというので、雑誌で以前興味を持ったこちらへ。当ログの評価も気になるところだ・・・。六本木駅から西麻布方面に10分以上歩いたか。ファサードは１階だが直ぐに階段を下りＢ１へ、扉を開けると右手に奥へ伸びる大きなカウンターが目に飛び込む。真ん中がせり出す珍しいデザイン。つけ場には中央、左右と3人の職人さんが立つように設計されている。この日は2名の職人さん。中央の30代半ばくらいと思しき若い親方の前に通される。つまみからでと伝える。フジツボの大きなのが突き出しで。ふわっと軟らかい食感、貝の味はする。これは始めてで驚いたがさほどのものではない。続いて生鳥貝、真子カレイ、若鮎の塩焼き、平貝磯辺焼き、海胆、蛸桜煮など１０品ほどいただく。どれも凡庸、美味しいがひきつける魅力はない。握りは鯵2種（生・酢〆）、赤身浸、墨烏賊、キス昆布〆、海胆等10数貫いただいたが今一思い出せない。シャリは固めで特徴はない。大将はやや不慣れな感じで、背もありいい男であるが、サービスも今一自信が見えず、タネも仕事したものの印象が殆どなく特筆すべきものは見当たらない。ところで、他のお客さんと話している内容に驚きつつ、やっぱりと思った。このお店、昨年9月にオープンだというのに5月末で元々の親方らメンバーが交代（一時？）されたという。何があったのだろう？「大将は今は他の某和食屋さんでやられているみたいです。いろいろあるんですと・・・」良く分かりません。（（お断り・・・7月末現在はまた元の大将が復帰されているというサポートセンターからの未確認情報がありました））訪問時つけ場の親方は急遽今月から二子玉川の姉妹店？（逸喜優）からいらした方のようです。2番手の方も同様に６月から入られたとか。どこかぎこちないのが見ていてリラックス出来ない。周りを見るとこちらのお店はカウンター12席に個室風のテーブル席がいくつかある大きなお店だ。小さなカウンターのみの親方の個性を楽しむ個人店とは趣が大きく異なる、チェーン店のようなお店。まだ慣れていないのか肝心の職人の個性が感じられないほど薄い。過去に色々な雑誌等にも登場したが、内装・サービス・仕事・技術レベルと肝心の中身がばらばらな印象を受け、つまみから普通に飲んで2万弱。残念だがこの現状では非常に厳しいというのが素直な感想。西麻布界隈は廉価の秀店がひしめく激戦地である。正直なところ以前の大将（藤村氏）の評判を期待しての訪問であったので、変わっているなら今月の変わった直後位、予約時に「ご存知かどうか大将が変わってますが・・・それはよろしいですか？と」一言欲しかった。有名店なら特に、握りが2番手になるだけでも不満に思われる場合があるためだろう、事前に「大将の前ではありませんがよろしいですか」と確認されることもしばしあるくらい。この日私は一見なのでセカンドでも構わないと思っていたので事前に確認はしなかったが、しかしですねぇ、こういうのは始めてだが、鮨屋に限らず個人店の場合大将・2番までもが変わっていればまったくの別の店だと思う。当方は様々な情報を取捨選択して店選びをし、＠2万の晩餐に期待に胸膨らまして訪問しているのであり、雑誌の紹介内容や当ログの過去の寸評も別物とあっては・・・。戸惑うのも当然。というわけでこの食後感。満足とは当然いかないが、新生「すし通」のオープン体験なのか、はたまたつなぎの狭間にあたったのかこの時点では不明。追記）7月末に食べログサポートセンターから、現在は元の大将が復帰しているという情報が他のユーザーから指摘があったので現在の状況を確認して修正してくれという連絡があった。まさかその確認のためにわざわざ行く気にはならないので、面倒でもあり現在記載と異なることになっているのであれば本望でないので未確認ながらその部分は加筆・修正した。しかし、言わせていただくと当方は期待して利用して期待はずれの経験をさせられた一人であるのは修正しようのない事実である。御来訪時にはご確認をおすすめしたい。
江戸前鮓 すし通,すし通。その名の通り、すし通（がよ）いしたくなるお店である。ちまたに数限りなく鮨屋は存在するが、使い勝手の良さという点で右に出る店もなかなかないであろう。ここでは、通常、おつまみとお鮨が交互に出されるが、おつまみからスタートしたければ、その旨を伝えれば対応してくれるし、ゆっくりとお酒を飲みたい日には、おつまみを多めにとお願いすると握りとおつまみの量のバランスを変えてくれる。そして、嬉しいことに、ここのおつまみが抜群に旨い。若いながらも某有名懐石料理店で副料理長まで昇りつめた人間がおつまみを作っている。お鮨を握る人とおつまみを作る人がきちんと分かれているのだ。そして、黒龍や田酒を始め、日本酒好きが喜ぶお酒が充実している。シャンパンやワインも豊富で、シャンパンなどは１０種類は置いているのではなかろうか？アンリオなどは１本９５００円。ヴーブは当然、それより安いとくるから、居酒屋並みの価格である。酒類はメニューにすべて価格が表示されているのも嬉しい。また、鮨屋で一番気になるのは、会話を板さんに聞かれてしまうことである。常連になればなるほどそのことが気になる。かといって、握りは何と言ってもカウンターに限る。自分の場合、ゆっくりと会話を楽しみたいときは、ここの個室を利用させてもらっている。まずは個室でおつまみをいただき、握りの段になるとカウンターに移動させてもらうのだ。ここの個室は良くできていて、ちょうど目線の位置に小窓がついていて、カウンターの様子が覗けるようになっている。したがって、個室特有の閉鎖感はなく、鮨屋特有のダイナミズムを感じることができて楽しい。また、大事なお鮨も素晴らしい。ここの鮨はとろける鮨を目指しているらしく、確かに、どれも口に入れた瞬間溶けていく優しい味だ。僕の大好きな海味が男性系のガッツリ味とすれば、こちらは女性系の優しい味。お肉に例えるなら、前者がステーキ。後者がしゃぶしゃぶ。特にここのイカやコハダは秀逸。隠し包丁の入ったとろけるイカは圧巻である。まるで新イカのようである。赤酢で軽く締めたコハダも塩加減といい、シャリとの相性が抜群に良い。ただ、どのネタにも隠し包丁を入れるせいか、ネタそのものの食感が奪われすぎていると感じられるものもある。ネタはどれも最高級のものばかり。トリ貝などはこれでもかというくらい肉厚のものが出てくるし、赤貝は香川県観音寺産を多用するらしく、仙台ゆりあげ産より甘くて味がしっかりしている。マグロは大間のものが多いが、今の時期は産地をこだわらずに仕入れをしているらしい。ただし、なぜかおしんこだけはいだだけない。事前にカットしてあるのか、ぱさぱさしている。シャリは若干、自分には柔らかいかなとも感じるが、これは柔らかめのネタに合わせてのものと思われる。何種類かの赤酢と白酢をブレンドしていて、赤身にも白身にも合うように工夫されている。個人的には魚の味を引き出す赤酢のシャリが好きなのだが、食べ続けていると飽きてしまう。その点、ここのシャリは魚の旨味を引き出しながらも、飽きずにいくらでも食べられる。また、内装はかなり豪華だ。ファサードを始め、天井から柱、すべて木材は檜を使っている。床は御影石。BGMはなんと店内に設置された水琴窟（すいきんくつ）。水の落ちる優しい音が店内を包み込む。エントランスなどは玉砂利が引かれ、来る者を拒絶する。事前情報なしに飛び込みで入れる者などいるのだろうか？ところが、中に入ってみると、懐に優しい。お任せで15000円から18000円。その日の仕入れよって変わるらしい。出される量や仕入れているネタを考えるとかなり安い。酒も安い。また、ランチもやっていて、日替わりの焼き魚定食（１５００円）は最高である。金目鯛がまるまる半身で出てきたりするから、採算割れしているのではないかとこちらが心配してしまう。内装にもお金をかけ、価格も安い。席もゆったり。いったい全体このお店の経営はどうして成り立っているのかと首を傾げてしまうお店である。
江戸前鮓 すし通,シャリネタともに由う超え味噌汁は海老の頭と白身魚のリッチな出汁で近年最高の汁だった。つまみをもうちょっと食べたかったが、予約時にいえば用意してくれるとのこと。握ってくれた明石さんは英語もとてもお上手(ロスに10年いた)でとっても素敵な時間になった^ ^ウニも三種類食べ比べした！素晴らしい店
江戸前鮓 すし通,3年前くらいにいきましたが、大将が変わってたんですね しかし、大将が変わっていても変わらず斬新で美味しくて満足しましたただ、ドリンクの遅さとお会計をお願いしてから遅かったのが気になりました他は完璧で言うことないです
江戸前鮓 すし通,ちょっと久々のすし通…相変わらずの大将 高橋さんの心地好い接客とうまい握りに大満足 今年最後のトリガイをこんなにもうまく食らえるはマジ最高 マグロも気仙沼産のマグロの旨味にも大満足 最後の都内１とも言えるお椀にはまた食欲沸かせる旨味成分ばっちり 本当好きな鮨屋
江戸前鮓 すし通,昔の名物大将ではなく、新しい握り手の方に代わっていました。店員の方々は、あまりお寿司屋さんでは見かけないカジュアルな見た目の方もおり、すし屋というよりは、レストランという雰囲気でした。お寿司は、十分お腹いっぱいになるくらいに出てきますが、シャリの温度も含め、一つ一つのつまみや握りの完成度は高いとは思いませんでした。無難に今どきのお寿司を出してくれます。西麻布界隈にあるお洒落なお寿司屋さんという印象でした。
江戸前鮓 すし通,部下の昇給祝いで会社のチームで来店しました♪2ヶ月位予約が埋まっているのもかかわらず、顔見知りのお陰か当日に運良く予約が取れました。お寿司は初の一貫一貫大将さんが手で握ってくれて渡して頂くシステム(*ﾟ∀ﾟ*)大好きなウニ、ヒラメ、マグロ、イクラ等全て握りが絶品☆茶碗蒸しも1口サイズでの提供でアイデアが豊富！！！味も雰囲気もお店の対応も良く、オススメしたいお店です♪また、伺います！ありがとうございました♪
江戸前鮓 すし通,・奈良漬け、ガリ・ヒラスズキの松前漬け・大間の本鮪・ブリのあぶり出しとツブ貝 （塩か山葵醬油で）・くえ・深海魚のメヒカリの塩焼き・ボタンエビ・このことろろ・寒ブリ・タラの白子ポン酢・金目鯛の炙り・白イカ・イワシしとう焼き・いくら・シマアジの薬味和え・カワハギの肝のせ・マカジキを塩とオリーブオイルで。・せこがに・トロたく・うに・穴子・たまごドリンク・ルイロデレール クリスタル全て、美味しく頂きました(๑˃̵ᴗ˂̵)
江戸前鮓 すし通,当日に電話して、取ることができました。土曜日だったので混んでると思いましたがラッキー。ソムリエさんらしき人がいました。おつまみの数が豊富です。炙ったブリを塩とわさびで。これがとても美味しかったです。口の中でとろけてしまいました。握りも種類が多く、最後まで楽しむことができました。穴子に関しては他の店よりダントツで美味しいかもしれないです。また行きたいと思いました！ご馳走さまです！
江戸前鮓 すし通,"一人25,000円のおまかせでした。つまみとにぎりが交互に出てくるスタイルです。前々から行きたいと思っていたすし通さんでしたが期待は裏切られました。後から知ったのですが大将は昨年末に辞めてしまったんですね。きっと過去のすし通と今のすし通は違う店なのではないでしょうか。美味いものとイマイチなものと玉石混交です。ネタは非常に大きく女性は大変そうでした。味付けに関してはとてもシンプルです。もう少し凝ってもいいのではと思ってしまいます。席はガラガラで、客二人に対して一人のスタッフが付いていました。飲み物が減るとすぐに交換してくれて皿が空くとすぐに下げてくれます。常に監視されてるかのような最高のサービスでした。もう二度と行きません。"
江戸前鮓 すし通,まさに絶品です私が食べる飲食店の中で最高にうまい。皆さんもおいしい物を食べたことはたくさんあると思います。しかし、感動したことはありますか？鳥肌がたちます。ある程度の値段になるとおいしいご飯はたくさんあります。感動する。鳥肌がたつそんな素敵なサービスや素敵な料理それはこちらだけ。食通なら必ずいくべき
江戸前鮓 すし通,最近足繁く通っているお寿司屋さんの１つ。勉強熱心な大将は、突き詰めて突き詰めて魚を考えている。伝え方も、「2週間熟成のマグロです。この1貫に50の隠し包丁を入れています」と丁寧だ。ここの牡丹海老の熟成は人生でも久しぶりに衝撃を受けた。寿司ってある程度の領域にいくと、どこもある一定の領域に到達する。いわゆるどんな高級な寿司屋でも、出された料理は味の想像の範疇を超えないのだが、ここの海老は舌の上と口の裏にねっとりと絡みつき、なおかつ歯を入れるとぷりっとした歯ごたえがする。旨い。そして途中で出してくれたこの料理。なんと350年前のレシピで作ったイカの塩辛だそうだ。どこかのタイミングで干されているようで、熟成度が増している。こんな塩辛食ったこと無い。次はどんな料理が出てくるのだろう、とか、口に入れた時の感動が、食の楽しみの１つの醍醐味だと思う。大将、いつもありがとう。
江戸前鮓 すし通,西麻布の交差点から徒歩五分圏内でしょうか、通りの地下にあるお店店内の様子はしっかりとしたお寿司屋さんといった印象で、随所に大将のこだわりが見られます。小生の考えていた美味しい寿司とはとにかく鮮度が大切なのだろう、そう思っていました。その概念を変えてくれたのがここの寿司です。とにかく１つ１つのネタに対するこだわりが半端じゃないです。隠し包丁の入れ方によってネタの食感に変化を加えたり熟成させたりと、そのネタのパフォーマンスを最大に引き出しています。少しお値段が張りますがなにかの記念日などに利用したいです。こぐれの再訪指数  78%
江戸前鮓 すし通,一日限定10食の、ばらちらしを頂くために、電話予約をしてからお店に伺いました。立派な店構え！何だか入るのに、勇気がいります(^^;;ばらちらしには、桜でんぶ・とびっこ・いくら・胡瓜が敷き詰められており、大粒のうにが彩られ、豪華です。まずは一口…言葉を失うほどの旨さです。うには甘く、口の中でとろけ、でんぶ・とびっこと一緒になる事で、深みのある味へと変わり、酢飯の硬さも申し分ない。こんな美味しい、ばらちらしは生まれて初めてです。小さいながらも、白身魚が酢飯の上に隠されてあり、食べる楽しみが最後まで絶えません！海老のお味噌汁は風味豊かで、幸せな気持ちになりました。今度はディナーで行ってみたいです！
江戸前鮓 すし通,いつも当日や直前の予約だったからか、なかなか予約がとれず念願のすし通ようやく行けました！寿司、つまみ一品料理、寿司、、、と交互に出てくる所もバランスがよくて素晴らしい。また、いくらの弾ける感じが、今までのいくらで一番美味しかったです。大将も素敵な方で、初めてにもかかわらず丁寧に説明していただき気持ちよかったです。人気の理由がわかりました。これはまた行きたくなりますね！雰囲気も素晴らしいし文句がありません。また伺いたいです。
江戸前鮓 すし通,関西では食べた事のないお寿司が、食べれると友人が予約してくれていました。熟成寿司といって何日か寝かせたモノの方が美味しい！聞いてはいたのですが、もう異次元でした。何の注文も聞かれる事なく始まり、まずはマグロから出てきました。びっっっくりする程美味しいかったです(^^)この後、いったいなにが出てきてどうなるんだろう？と楽しみになる位のインパクトがありました！叶うのであれば月に一度は行きたいお店です(^^)
江戸前鮓 すし通,東京に来て数ヶ月。グルメな方々からオススメもあり訪問。慣れへん東京に迷いつつスマフォをたよりに何とか到着。さすが東京の鮨屋…雰囲気にビビりつつ入店。あとは、はしょって感想。何これっ⁉︎うまっぁぁぁぁぁ〜‼︎写真は撮りませぬ。乾いてまうから勿体ないのでね。つまみ→鮨→つまみ→鮨→…と、酒呑みには素晴らしい提供。細いことは言わへん、スタートから最後まで全てが最高でした。鮮度を重視するネタと、熟成で旨味を最高に引き出したネタを使い分ける、この職人技‼︎大将は間違いなく魚バカです。旨味を追求した逸品の数々にやられました。特に印象は、挨拶代わりの飾り包丁の入ったトロ一週間寝かした金目、ねっとりのイカandボタン海老カワハギのポン酢肝のせ塩水ウニトロ叩き手巻き…書き切れんからやめとこ。まずは、お試しください‼︎予約のおせちが死ぬほど気になりました。
江戸前鮓 すし通,ヤバイ！ヤビイ！会食でお邪魔したこちら、すし通さん！質問です！なんでこんなに美味しいんですか？思わずランチ含めて三日連続通っちゃいました。。。まずは、名刺代わりの例のトロトロマグロから、肴と寿司とを交互に出すスタイルにメロメロで、しかも日本酒好きにはたまらない、流れでペロンペロンになっちゃいました。極め付けは、肉厚？すぎるカラスミ！ー！！ねっとり、しっとり、舌に絡みついてまいります。これを日本酒でさっと舌をあらいながら、味わい続けるという無限ループの至福なタイムは最高でした！
江戸前鮓 すし通,"激戦区西麻布ではあるが昼のCPの高さは抜群。適度に脱水した魚3種類の焼魚・小鉢3種と裏ごししたあら汁と旨いご飯1,500円は卓越している。握り8巻と手巻き（梅・かんぴよう・大将の機嫌のいい時はプレミアムも・・）とカステラのような卵焼きとあら汁3,675円は今は予約のみの限定。夜は握りとつまみが交互に出てくるが、料理人と握る人の間が悪くなかなかうまくいかない・・・。大将以下の料理人が安定しないのと繁盛しすぎて追いついていないのも原因かと思われる。カウンター12席と4つのテーブル席をケアしなくてはならないのでいたしかた無いと思うが、料理+飲料（ビール2杯と酒3合）@25,000はCP悪しその金額で十分満足できる近隣に多い身の丈に合ったキャパで勝負している店を選ぶかな・・・。"
江戸前鮓 すし通,初めての熟成すし、コースでいただいたのですが食べ切らず><お腹いっぱいになって来た頃に、今まででお気に入りがあったらもう一度食べますか？とサービスもしていただいて、味もサービスも大満足でした！できれば全部食べて見たかった><
