,分ち書き
0,本日は美しきグルメolと、2年ぶりの青空さんへ
1,お任せで下記が出て来ました～金時草毛蟹の土佐ポン酢ジュレかけ秋刀魚肝醤油お刺身（かます・松川鰈・ナガスクジラ尾の身）蒸し鮑鰹の藁焼き北海道ししゃも※以下握りすみいかかすご赤身中トロ大トロこはだ小柱車エビいくら鯖バフンうにブリ穴子玉子焼きどの握りも圧巻でしたが、ブリ、穴子はその中でも群を抜いて美味しくいただけました
2,日本酒と合わせながらほろ酔いで帰路につきます～ごちそうさまでした
3,
4,この日は、銀座の『青空』さんへ♪印象的だったのは、小鰭○小柱軍艦○鰹○○赤身○あいなめ○春子○○穴子◎かっぱ巻き○玉◎穴子を塩で☆玉子と並んで特別美味しかった～
5,(*'ω'*)また、次回♪--------------------------------------------------------------------------この日は、銀座の『青空』さんへ☆印象的だったものを♪（握り）小鰭墨烏賊○赤貝○○小柱◎◎鯖車海老○煮蛤穴子○とろたく玉この日は何といっても「小柱」が良かったですね～
6,粒の大きさに違わぬ詰まり具合
7,香りも良くって、満足の1貫でした♪-・-・-・-・-・-・-・-・-・-・-・-・-・-・-・-・-・-・-・-・-・-・-・-・-・-・この日は銀座の『青空』さんへ♪（握り）小鰭○○白烏賊○赤貝○赤身(舞鶴)○真子鰈○○車海老黒鮑○大星○○穴子(ツメ)○紐胡瓜巻きとろたく巻き○玉○○（酒肴）ナガスクジラ
8,尾のみ鰹○枝豆変わらぬ美味しさがここにはあります☆（17/6）この日は、『青空』さんへ♪（酒肴）蛸○燻した鰆
9,叩いた山山葵葱◎◎鮟肝○○（握り）小鰭○○墨烏賊○鯵○大星○赤身(竜飛)○車海老(愛知)○赤貝○穴子(塩)○蛤○穴子(ツメ)○紐胡瓜巻き○玉○○いつも通りのシャリの美味しさ☆ネタの質も極上♪また、次回ですね～
10,■2016
11,6この日は、『青空』さんへ、移転のお祝いがてら★1時間前に初音鮨でお鮨をいただいたばかりで、お腹はパンパンです❤　パンパン♪まずは、生姜で、リフレッシュ★鋭利な辛味にしっかりとした甘み
12,春子○○旨い春子なんていうのは、仕入れが出来るかどうか
13,変わらず確かな目利き★泥障烏賊○断然墨派ですが、こちらの舎利とこの泥障の相性はいいですね☆噛むほどに泥障の甘みに、舎利の塩味・酸味がねっとり感と程良く交わり♪赤貝○○まな板の上から既に香ってきます
14,『鼻腔を擽る』以上に鮮烈な香り☆食す前に勝負があった閖上の極上品
15,大星○大星の旨味に甘み
16,
17,車海老いつもの超絶感はなしですね
18,仄かな苦み、これはこれで良し
19,鱚昆布〆○〆てます感の強い昆布〆、昆布の旨味も鱚の地が良質だからこそ★ただし、鱚の儚くも淡い存在感は忘却の彼方❤赤身○酸味に香り、鉄
20,、まさしく夏鮪
21,
22,舎利との相性は流石☆穴子(塩)◎とろとろでしっとりとした旨味が舎利を覆ってます☆穴子（つめ）◎とろっとろにツメのトロットロ☆とろたく巻○玉○芝海老と大和芋の玉子
23,しっとり、ほどよい甘さ
24,こちらのも好きですね～
25,枝豆唐墨炙り○また、次回♪
26,4年ぶり、移転後は初めてのお伺い
27,営業は17時からで席によっては最大3回転するので、時間を合わせれば思ったより予約は取りやすい
28,移転前より随分広くなりましたが、席は2席しか増えていないそうで、席間もゆったりの非常に過ごしやすい空間です
29,4年間で色んなお店の鮨を食べたせいか以前と随分印象が違いました
30,いただいたのは以下、トロ抜きにて、追加含め16貫+巻物1本
31,おーのー、タマゴいただくの忘れた
32,
33,
34,・枝豆、マコガレイ、アオリイカ、キス昆布〆、シマアジ、赤身、コハダ、アワビ、小柱、アジ、車海老、カスゴ、バフンウニ、赤貝、カツオ藁焼き、アナゴ追加・アオリイカ、かんぴょう巻きお酒は・澤屋まともと　純米（京都）をお燗でいただきました
35,すきやばし次郎のシャリが絶品だったので、次郎出身のこちらも再度お伺いしてみたくなったのですが、全く別物
36,ただシャリに強い個性があるのは同じ流れか
37,鮨屋の特徴が出るのは米だと思っていますが、記憶に残る素晴らしいシャリです
38,米酢のシャリの中では今までで最固、人肌のバランスの良いサイズの綺麗な握りで、酢より塩味をかなり強く感じ、キレ良く、存在感を残しつつスッと消えていき後味も気持ちいい
39,シャリは頻繁に小さい桶に移され温度管理、握る所作も美しいですね
40,タネとの調和を考えると、塩味はもう少し控えめの方がジャストミートですが、これは個々の好み
41,もしかすると海外の方はより食べやすい鮨なのかもしれません
42,シャリが強いので、上部にもう少しインパクト（素材の味の強さ）があると嬉しいですが、タネではとにかく・アオリイカが超絶
43,シャリとのバランスは今まで食べた中で最強
44,他印象に残ったのは・蒸アワビ、大きめですが、柔らかく仕上げシャリとの一体感、鼻腔をくすぐる芳醇が素晴らしい
45,・コハダは雑味の一切ないとても綺麗な仕上げ
46,フワフワでフワッと香る優しい甘みの・車海老も美味でした
47,17時開始（18時からが多いよう）はお客様も少なく、滞在1時間ほどとテンポ良く握っていただけたのもよく、前回より自力の高さも感じられ満足感も十分でした
48,席数多めのお店は空いてる時間にかぎります
49,またお伺いいたします
50,ごちそうさまでした
51,
52,2019年4月ディナー利用新元号『令和』が発表されたこの日に合わせて予約しました
53,本当は平成最後のお寿司ってする予定でしたが、予約が取れなくて
54,
55,
56,まぁ記念すべき新元号の初日にお寿司も縁起が良さそう(^^)そして以前からいつかは行ってみようと思っていたこちらに
57,【店名】青空
58,
59,はるたか場所は銀座8丁目、コリドー街にあります
60,なので新橋駅が1番近いです
61,こちらのお店はすきやばし二郎から独立されたお店です
62,すきやばし二郎はミシュラン☆☆☆でオバマ大統領と安倍首相が食事したお店です
63,【店内】カウンター席と個室が１部屋になります
64,カウンターは見事な檜で、店内も高級感が漂っております
65,まさに一流店の雰囲気です
66,【料理&飲み物】とりあえずは生ビールです
67,生ビールはアサヒかエビスの2種類おいてあります
68,今回はエビスにしました
69,料理はお任せコースを注文
70,お任せコースもつまみと握りのコースか握りのみのコースがあります
71,もちろんつまみと握りのコースにしました
72,・お浸し・金目鯛のみぞれ掛け・浅利スープ・平目
73,造り・蒸し鮑・鰹と鰆燻製
74,造り・ホタルイカの味噌・カラスミ・太刀魚
75,焼き物・イカ握り・サヨリ握り・鮪
76,赤身
77,握り・鮪
78,中トロ
79,握り・鮪
80,大トロ
81,握り・小肌握り・貝柱
82,軍艦・鯵
83,握り・車海老
84,握り・カスゴ
85,握り・雲丹握り・穴子
86,握り・玉子焼以上が一通りの内容でした
87,こちらの別に鯖などもありますって言われたのですが、お腹いっぱいだったので
88,一品料理もどれもとても美味しいのですが、寿司に感動しました
89,酢飯は酢が少し強めですが、脂ののったお魚と一緒に口に入れると絶妙なバランス
90,
91,どの握りも感動しました
92,大将は無口な方ですが、その分お寿司にかける情熱がありますね
93,ネタも最高の物を仕入れております
94,雲丹はこの日は青森のムラサキ雲丹でしたが、この雲丹もとても濃厚で最高でした
95,この内容で1人42000円位です
96,安くはないですが、とても満足できる内容でした
97,
98,また記念すべき日に行きたいです
99,ごちそうさまでしたー(*´-`)
100,携帯カメラが完全にダメになってしまい、写真なしです
101,"⭐2,5基準に各項目の平均でだします"
102,高級店はcpで低い点がつきやすく、雰囲気やサービスも廉価な店より辛口なので、こんなこともよくあります
103,内観は狭く感じさせず、清潔感あり
104,個人的には桜の飾り方がいまひとつ
105,
106,お弟子さん、ホールの方、スタッフはけっこういるのですが、サービス料が発生するような接客ではないように感じます
107,連携も微妙ですし
108,大将の握りや所作は流石なのだけど、二番手さんの所作は雑で巻物も雑です
109,握りは大将がやられてるので心配ないのですが、巻物は二番手さんみたい
110,大将に頼めば大将がやってくれます
111,最近つまみが秀逸で、握りが少し残念、値段は妥当かなみたいな店が多かったのですが、こちらはネタは高級店にしては普通な印象、というかすごいネタを仕入てる寿司屋が多いので麻痺してる(笑)
112,驚きや独創性もあまりないのでツマミは普通
113,握りは普通＋α、値段は銀座という感じでした
114,この食後感でこの値段はかなり高いように感じます(^^;再訪はないです
115,以下、食べたもの日本酒二合しろ菜のお浸しすっぽんのスープ
116,旨味あるが、雑味と塩分強め閂の昆布締め
117,ウズラ黄身ふぐ
118,白子とてっさと身、おろしポン酢この味付けなら別々の方がよいかなカツオ
119,◯
120,キレイな味
121,少し物足りなくもある
122,三陸の蒸しアワビ
123,
124,◯よくも悪くも美味しいアワビサワラの藁焼き(表面のみ火が通ってる)行者にんにくと
125,タレが強い
126,素材があまり活きてないと思う
127,ふぐの酒蒸しこれを銀座のカウンターで出すのは
128,、キレイに食べにくいし
129,味も普通追加↓ホタルイカをすりつぶしたもの＋カラシからすみ
130,握り
131,(塩シャリ)まこがれい
132,◯あおりいか
133,赤身
134,▲中とろ
135,◯大トロ
136,▲こはだ
137,◯
138,
139,塩つよめこばしら
140,▲アジ
141,▲
142,新鮮車エビ
143,▲かすご↓とりがい紫うに握り
144,◯
145,海苔なしあなご
146,ツメがあまい
147,やわらかいから、クドイ玉
148,ミディアムレアのとろっと
149,▲追加さば
150,アブラこってりにはま
151,▲てっぽう
152,◯かっぱ
153,◯
154,銀座・コリドー通りの銀座側のビル6fにあるお店
155,大将やお店の説明しなくても、他の皆様が書いてあるので割愛笑つまみと握りのコースにて事前予約
156,感想の最後にコース内容を記入します
157,季節によってもちろん内容は変わると思いますが、参考までに記入・サービス面お酒、つまみを出すタイミングや、料理を下げる声かけ等は、しっかりしていました
158,他レビュアーさんが大将が握りを置く際に、魚の名前を言わない、声が小さい等ありましたが確かにそうでした
159,しかし、私はお客さん同士の会話を切らせ無い様に、気を使っているかも
160,と思いました
161,お寿司を楽しみに来たので、個人的にもしっかり伝えた方がベターとも思いましたが、ここは銀座界隈で有名店
162,何度も来れる方は、相当の地位がある方々
163,また、初訪問でも余裕がある方か、奮発して来るかの金額ですもんね笑
164,常連さんをつくる為には、この方法でもありかも
165,そう考えた私は、出された時に自分から声かけしてみました
166,そしたら、大将はやさしく微笑みながらいろいろ答えてくれました
167,聞けばしっかり返事をくれるし、それ以降は置く時にたまに説明もしてくれるし、気さくになりました
168,　よく見たら他の常連さんらしき方々も、自分で声かける方々が多かったなー
169,わからない事があったら自分から聞く
170,初心思い出しました笑・おつまみ前置きがいろいろありましたがここから笑おつまみは、相当仕込みに手間がかかっている事がわかる味付け
171,食材毎の味が中心で雑味が少ない
172,個人的に美味しかったのは、鮑のうま煮
173,とても、柔らかくトロットした甘めの煮汁がとて合って美味しかった
174,今までの鮑料理で一番とおもいました
175,・握りシャリの握りは硬め
176,米酢と塩と梅の味が特徴的な酢飯カスゴや、アオリイカはとても見た目も綺麗で味も絶妙
177,その他のネタもとても美しく、そして間違いなく美味しい
178,ただマグロは個人的にすこし微妙だったかな
179,マグロは、赤身→中トロ→大トロとだされますが、管理の問題か、中トロで生臭さを感じたのが残念
180,赤身・大トロは美味しかった
181,そして、特記すべきが穴子
182,みなさん、穴子が最高と結構書いてましたが、最高でした
183,見た目からとろとろ感と、タレの照り感・・・
184,口に入れた時のふわっと感・甘味と塩味がベスト
185,
186,大将に美味しい事を伝えると、「もうこれ以上に美味しくするのは出来ないですよ」って笑いながら答えてくれました
187,たまご焼きが出された際に、穴子を追加注文
188,そしたら大将が「まだ、たまご焼き食べないで
189,
190,、甘さがわからなくなっちゃう
191,」って焦って声かけてきたのが、なんとなくクスッとし、とても真面目な方なんだなーと印象的でした
192,穴子おかわりするものの、美味しさは変わらず
193,このレビューを書いていてめっちゃ食べたくなってます笑この穴子を食べる為に、リピート確定した程の美味しさです
194,総括店内は、とても綺麗
195,声かけ、お見送りもしっかりして頂けるさすがのお店でした
196,おつまみ、握りの味は間違いないです
197,また、お寿司屋さんもいろんな方々がいろいろな考えの元経営されていると大変勉強になりました
198,ごちそうさまでした
199,また、伺います
200,
201,つまみ8品・小松菜のおひたし・すっぽんのスープ・サヨリの卵黄和え・河豚皮の和え・タイ
202,"湯引き　（聞きそびれた）・アワビ煮・白身焼き魚と行者にんにく・ポン酢付け合せ・河豚煮（顔部分をポン酢にて）握り（14貫+玉子焼）・マコガレイ・アオリイカ・マグロ赤身・マグロ中トロ・マグロ大トロ・コハダ・小柱軍艦巻・〆鯖・エビ・カスゴ・ムラサキウニ（青森）・穴子煮・鳥貝・ぶり・蛤・玉子おかわり・穴子（友達は雲丹と穴子）飲み物・生ビール*2・日本酒*4合金額106,000円（2名）"
203,食べログ★4
204,35・2018年
205,silver・2017年
206,silver【青空】さんにお伺いさせて頂きました
207,場所は、銀座になります
208,銀座外堀通りから少し入ったビルになります
209,外観は、綺麗な雑居ビルで飲食店が多いです
210,内装は、玄関のドアを開けると、石畳の径があります、店内には、檜のl字カウンター席になります
211,個室が一部屋ございます
212,こちらのお鮨は、名店でもあります、すきやばし次さんで12年間修行を積んだ高橋青空さんが2006年に開店されたお店になります
213,北海道生まれで、国語教師のお父さんさんが名付けられた、青空（はるたか）その名前を使ったお店になります
214,♦️お通し【お刺身】♦️佐島の蛸♦️鱈焼き白子♦️クエ湯引き♦️青森産
215,平目♦️但馬甘鯛
216,蛤のお出汁♦️三陸蒸し鮑♦️サワラ焼き、カマス焼き♦️真魚鰹味噌柚庵焼き【握り】♦️墨烏賊握り♦️サヨリ握り♦️マグロ赤身握り♦️中トロ握り♦️松前大トロ握り♦️小肌握り♦️イクラ軍艦♦️鰤握り♦️車海老握り♦️小柱軍艦握り♦️かすご握り♦️雲丹軍艦握り♦️鯖握り♦️穴子握り♦️卵焼き正統派の江戸前鮨の王道のお鮨になります
217,厳選された特選素材を、丁寧に確かな技術で、ひと手間かけてお出し頂けます
218,どれもレベルが高く、最後まで楽しめます
219,シャリは、やや硬めです
220,米酢と塩の塩梅で調整されているそうです
221,鮪は赤身、中トロ、大トロの三種類が用意されております
222,大将から、足りないと鉄火巻きにして更にお出し頂けます
223,特筆すべきは、・但馬甘鯛
224,蛤のお出汁・穴子握りではないでしょうか
225,甘鯛の美味しさに、蛤のお出し　まさに掛け算ですね
226,これは印象に残りますし、美味しく頂けます
227,それに穴子の柔らかさ、爪の美味しさ　これも掛け算です
228,この激戦区　銀座でも大人気店、予約困難店として君臨されているのもわかります、高橋さんの人柄、話術、厳選素材、確かな技術間違いないお店です
229,良いお店ではないでしょうか
230,
231,2回目の訪問
232,今回もamexのコンシェルジュ経由で予約
233,相変わらずウーロンハイが美味い
234,連れも私も胃が疲れていたので今回は全体的にシャリ少なめでオーダー
235,最近、この手の寿司屋がブームなのか味が落ちる寿司屋が目立っていたのだけど、この店は安定中の安定
236,期待値を維持し続けてくれます
237,今回は全体的にシャリを少なめにしたので、最後まで完食
238,最初に出たマコガレイの握り、そしてイカの美しさ
239,色々出てきましたがとにかく最高
240,マグロのクオリティもピカイチでした
241,中トロのアブラのノリがもはや大トロ
242,くどいのか
243,
244,と思いきや、全然あっさり
245,その後に出てきた大トロも非常にアッサリとした脂で清々しさが残ったくらいです
246,握りコース2人、日本酒数合、ウーロンハイ数杯で59000円
247,また行きたい店ナンバーワンですね
248,あー次はいつ行こうかな・・・
249,本日は、銀座8丁目にあるミシュラン★星の青空さんにお摘み握りのおまかせコースを食べに伺いました（●＾o＾●）お店はカウンター12席と個室5席とキャパをオーバーしている予感、、席は手狭でドリンク、おしぼりが隣の席と分からなくなる点が残念(^-^;丁度2時間で食べ終えた8時30分になっても6人のお客が待っている様子は流石、、しかし詰め込むだけ詰め込んじゃう姿勢でなければ良いのですが
250,ミシュラン★星、すきやばし次郎で修業した経歴など輝かしい実績がありますが僕の第一印象は食べた内容に対してとても高価でとても一人4万超とは理解不能でした(^-^;美味しいと驚きを感じた素材はキスの昆布締め、中トロ、鯵、車海老、かすご、煮穴子、雲丹くらい
251,ネタと同じそれ以上に期待いっぱいのシャリは酸味が強く素材そのものを引き出す以上に個性の強い印象～相対的に価格に見合わず銀座のクラブに似た僕には主義主張が伝わらず美味しい寿司とは思いませんでした(^-^;本日のお品書き
252,"85,000円/2人おまかせコース"
253,"35,000円枝豆白いか鱧穴子の白焼き鰈とつぶ貝蒸し鮑鰹と山わさび天然鰻あらキスの昆布締め縞鯵赤身中とろ大トロしんこ小柱鯵車海老かすごいくら雲丹煮穴子玉その他ドリンク"
254,in東京食べるの旅、夜シリーズ前から行きたかったお店です
255,予約できました
256,青空さんミシュランを獲得させれているお店ですきやばし次郎で修行されていたそうです
257,何回転かされているのでひょっとすると予約できるかもしれないです
258,この日も満席
259,同業者の方かなーと思うお客さんもチラホラと
260,カウンター12席と個室があります
261,今回は握りのコースで
262,おつまみコースにするといつも握りの頃にはお腹がいっぱい
263,でお鮨が楽しめないので
264,店内に入ったら一目瞭然の大将がテンポよく出してくれます
265,シャリもちょうどいい塩梅かなー
266,ちょっと酢強めかなー
267,旬のカツオや鯛、とり貝マグロも赤み、中トロ、トロ臭みもなく、美味しい(๑˃̵ᴗ˂̵)なんといっても茹で加減が完璧な車海老は美味しかったなー
268,大将の目つきがかっこよすぎる(≧∀≦)職人の顔
269,お弟子さん達も絶妙なタイミングでお仕事せれていて、あぁ、行き届いてるなーって感じます
270,ちょっと緊張感あってシャキッとしますね
271,そんな緊張感のなか
272,最後にトロたくと卵を追加しちゃった
273,ちょうどいい感じです(๑˃̵ᴗ˂̵)ただ、銀座のお鮨は高いなー
274,さすがだなー
275,贅沢な夜でした
276,満足♡ご馳走さまでした
277,
278,いつも東京に行くたび食べたいなと思いつつ、予約がままならなかった銀座のお寿司
279,今回、ようやくお邪魔できたのが青空（はるたか）さん
280,銀座というか新橋、駅近でこの後新幹線に乗るにも便利でした
281,予約も比較的入りやすい（１ヶ月前で時間が選べた）ようです
282,こちらのご主人、まだまだお若い
283,と思ったら、あのすきやばし次郎の三番手を務め、独立されたそう
284,すごい
285,さてコースは、酒肴から始まるおまかせで
286,割合さくさくと、システマチックに進んで行くイメージ
287,【酒肴】・せりのお浸し・千葉の金目・エゴダイ・アラ・トリ貝・マコガレイ・黒鮑・鰹・のどぐろ
288,あさりのスープで【握り】・鱚・アオリイカ・イサキ・赤身・中トロ・大トロ・コハダ・車海老・小柱・鯵・春子（カスゴ）・ムラサキウニ・赤ムツ　※酒肴の時はのどぐろと仰ったような
289,違いは不明
290,・穴子・玉子固めの炊き加減に酸味と塩気が効いた、きりっとしたシャリとネタとの一体感も高く、その意味でベストは車海老でしょうか
291,茹で上げでほんのり温かい身の甘みと味噌の濃厚な旨みが渾然となった味わい、見た目もほんとに美しい
292,大きいので二つに切り分け供されるのですがその包丁の入れ方も絵になりました
293,あとはさすが江戸前ならではのコハダ、春子に、ほろほろっと溶けていく穴子、みっちり詰まった豊かな感触の玉子とこれはもう間違いのない中トロ、大トロも久々印象に残るものでした
294,ただ、お会計が
295,"42,000円"
296,クオリティ相当なのか私では判断がつきかねるところもありますが少し高めのように感じました
297,3万円台ならすっと入って来たと思うけど4始まりでびっくり笑
298,"（酒肴からのコース一通りで35,000円が目安みたいですね"
299,）美味しいのはもちろん美味しいんですけど、好みという点ではそれほどばっちり、ピントが合う感覚は得られなかった
300,のと、＋この予算
301,私だったら金沢まで食べに行っちゃうなー＾＾；
302,
303,白シャリがとにかく素晴らしい
304,白シャリだけでいただくネタネタが白シャリに合わせているように感じます
305,シャンパーニュと日本酒がオススメ、ワインだと負けます
306,私はおつまみからスタートしますがおつまみを少なくしていただき、なにしろ、にぎり、をいただきます
307,20貫はかるく、いけます
308,伝統の江戸前で、ネタが合わせにくる白シャリの鮨、オススメです
309,最近はやりの型破りや、形無し鮨とはまったく異なる、本来の鮨が堪能できます空間も青空さんの拘りが、檜圧巻は天井もすべて檜、木目をあわせて1枚板のカウンターも素晴らしい
310,ビルではなく、和室、和風家屋にいる印象で、食事をいただけます
311,椅子も素晴らしくどれどけすわっても疲れません
312,
313,ミシュラン星付きの人気店青空さんへ初訪問まずお店につくと満席で前のお客さんが出るのを待ちました席に着いてからも席が空くことはなく終わりしなまで満席さすがは人気店といったところでした握っているのは大将だけですがカウンター内には2-3人程お弟子さん
314,がサポートをしています全体的に店員は多めつまみからおまかせでお願いしました人気のお店なので期待していましたが個人的には期待ほどではなかった
315,つまみは美味しかったですが、握りの方はあまり好みではありませんでしたシャリは硬めで酢も強い
316,しかもわさびが多くてネタを味わう前に辛い
317,魚も生臭いものがあったりと特に感動もなく、〆ものなんかは酸っぱいし硬くて残念でしたしかし穴子だけは絶品
318,ふわふわでこんなに美味しい穴子は初めてでしたあと玉子もとても美味しかったです大将が握りを置いた後に名前を言ってくれるのですがその声も小さくて離れ際に言うので聞こえず何度も聞き返してしまいました他には一言も説明などなく接客してくれているという感じはなかったその分店員さんは気が利いて飲み物も細かく聞いてくれたり友人（外国人）のために英語のガイドブックを持ってきてくれたりしてくれましたしかし期待していたということもあり全体的に残念な気持ちでお店を後にしましたこういうお寿司もあるのかと一度経験出来たことはよかったですごちそうさまでしたつまみハタあわびの煮付け鰆の焼き物ふぐの白子和え太刀魚の焼き物握りスミイカ赤身中トロ大トロコハダハマグリアジ車海老かすごバフンウニ〆鯖穴子小柱玉子ネギトロ巻き（貝抜き、ネギトロ巻き追加）
319,金額
320,"45,000円"
321,/人
322,ツマミと握り(握りは全部)
323,日本酒一合にペリエ小瓶
324,4本程いよいよ銀座のシースーデビューというわけだ
325,(一柳さんは行きましたが
326,)暖簾をくぐると、名前の通りの爽やかな笑顔で大将が迎えて下さった
327,8時からの2回転目(
328,)、常連さんと思わしき銀座人が良い具合にデキあがっちゃっており、ワインを片手に大将と話している
329,店内は程良く賑やかでしたが、凛とした緊張感も保たれていました
330,ツマミ、握り通して感じるのは、味付けの絶妙な塩梅と上品さ、コースの中での味の巧みな緩急でしょうか
331,個性的なシャリとは伺っていましたが、鮨ダネとのバランスがとれ、もともと硬めな米が好きなこともあってか、鮨経験値のない僕にとっては今までで一番
332,[ツマミ]ハマグリのだし蛸(佐島)
333,味付けは最小限、程良い噛み応えで塩をつけ、じっくり味わう
334,マカジキ(銚子)ヒラメとハタここまでは、それ程感動もなく、この感じで続くのかと暗雲立ち込めた矢先、続くツマミは驚嘆もの
335,ツマミなどと言ってよいものか、完成された一皿一皿は、僕の経験値を上げてくれたものと思う
336,初回だったのでコースはお任せしてしまったが、あん肝を食べ損ねたのが悔やまれる白甘鯛
337,聖護院かぶのすり流し
338,
339,すり流しというと、優しくホッとする様な、そんなイメージを持ってしまうが、なんとも気品を感じるさっぱりした汁が白甘鯛の甘みと上質な脂とピタリ鰆
340,山わさびと白ネギスモーキーな香りを纏った脂ののった鰆は、山わさびと白ネギで頂く
341,フグの白子
342,スッポンのダシ目の前に置かれるや、香ばしい匂いが立ち込めた
343,白子は焼き加減が絶妙で、流れ出るではなく、フワリとトロリの中間で、滋味深いスッポンの餡が見事に絡み合う
344,[握り]スミイカ赤身
345,中トロ
346,大トロコハダハマグリサバ小柱車海老鳥貝かすご赤貝ブリ紫ウニアナゴ玉ハマグリ、車海老、鳥貝(出始め)、ウニ、アナゴなんかは、本当旨かったな
347,ご馳走様でした
348,鮨経験値をためて、また伺いたい
349,
350,お鮨屋さんでカウンター以外に座ってはいけません
351,こちらの新しい場所へ移転する前の店舗では、予約困難な中、お座敷ならば入れると聞き、無理やり個室に入ったならば、大失敗
352,wやはり一貫、一貫、目の前で握って貰わないとね
353,既に４・５名のおば様方が早い時間から始められてまして、なんか優雅なマダム、って感じで良いですね
354,会話の内容とか、どっかで聞いたことあるような
355,笑シャンパーニュ＆白ワインは持ち込みで
356,突き出しに菜っ葉のお浸し
357,のれそれと揚げ玉の小椀
358,佐島の煮タコ
359,ヒラメとクエのお造り
360,河豚の白子みたらし餡
361,甘鯛のお椀
362,これで握りへ突入かな
363,(なんか抜けてる気もしないではないが
364,苦笑)シャリは小さめで有難い
365,アオリイカやマグロは赤身・中トロ・大トロ３種
366,小肌や鯖のしまり具合も好み♪煮蛤、海老も美味
367,その他諸々、サクサクと食べ進めたと思いきや、あっという間に時間は過ぎるぅ～干瓢巻きで〆っ
368,お年賀の挨拶の品まで頂戴してしまいました
369,うん、ここ好きっ
370,青空のご主人こんなに若くて好青年だったんですねwご馳走様でしたぁ～
371,12月の青空さん
372,いつも通り平日17時から一人で
373,握りのみ
374,口開けのこの時間は店内の埋まり具合が半数以下なので、サクッと食べるにしてもゆっくり出来るのがとにかく良い
375,そして1人なので予約も取りやすいんです
376,比較的直近でも空いてたりします
377,時化で魚が不漁であろうと、ここに来て期待を裏切られることは一切ないのも安心です
378,この日は細魚と白甘鯛がぷりぷりとした食感で身も力強く弾けた
379,スミイカも相変わらず素晴らしい
380,思わず口元が緩む
381,体調がまだ全快とは言えなかったですが、ついつい日本酒を頼んでしまいました
382,鮪は大間のものですが、赤身は鉄分を感じるまだまだフレッシュな瑞々しさ
383,中トロ大トロは上品な脂のノリに香りも十分に楽しめます
384,鮪を売りにしているお店と比較すれば弱いですが、それはそれ
385,青空さんはバランス型のお店だと思っていますが、ここは特に酢〆したタネの握りが秀逸だと思っています
386,独特の舎利との一体感は他に類を見ないです
387,店内の程よい緊張感もまた丁度よく、スタッフの目配りも大変素晴らしい
388,次回もまた一月後の予約を入れて、早々に退散
389,この日頂いたもの
390,◉握りのみ平目墨烏賊細魚白甘鯛赤身中トロ大トロ小鰭煮蛤鯖小柱車海老赤貝いくら春子鯛馬糞雲丹鰤穴子玉◉追加ムラサキ雲丹白甘鯛細魚ビール(エビス)1杯、日本酒まつもと一合お会計¥32000/人
391,地方では気軽に伺えますが、なかなか敷居が高い銀座の鮨屋さん
392,それもミシュラン☆☆『青空（はるたか）』さんですから、さもありなん
393,場所は新橋駅から歩いて５分くらいでしょうか
394,jr線沿いの四つ角のビルですからわかりやすい
395,周りの飲み屋さんは殆んど新橋の雰囲気ですが、住所は一応銀座
396,前日に予約確認の連絡を頂いたが、いいタイミングなので当日のネタをお聞きすると、摘まみの内容からネタまで懇切丁寧に説明して頂いた
397,何か清々しい誠意を感じたので余計に楽しみ
398,お店は銀座で2006年独立開業されて、昨年6月に以前のお店の近くに移転されたようですので、店内は真新しい店構えとシンプルで綺麗な設え
399,６階のエレベーターを出て暖簾をくぐると、立派な白木の清々しいカウンターが遠近法のように真っ直ぐに延びている
400,カウンター席は12席であるがゆったりと広めであり、奥には個室もあるようだ
401,お店の雰囲気は凛とした江戸前鮨ならではの緊張感が漂っている
402,すでに先客のカップル３組６名が席についている
403,なかにはかなり歳の離れすぎたカップルのようであり、とても御夫婦には見えないところがなんとも言えないが、そこは銀座
404,・・・詮索はするまい
405,店主の高橋青空さんのお名前でもある「青空（はるたか）」
406,お摘みと握りのまかせコースのみだが、好みに合わせて握り主体で構成することも可能らしい
407,事前に好みや食べれない食材を聞かれますが、お願いしたのは、今の季節で一番美味しい食材ということだけ
408,今年はこれでおしまいみたいな・・・(((^_^;)
409,銀座の名店である「すきやばし次郎」で長年修業されており、築地で最上級の食材を仕入れるので「うちがだしている食材が銀座でも最高ですよ
410,」と言い切る自信が凄い
411,キリッとした立ち振舞いに、さりげなく江戸前の本道を支える自負を感じる
412,今夜は釣り好きな旧友との再会
413,魚に関してはちょっと煩いが、まずは生ビールで乾杯
414,【お摘み】・菜の花お浸し～普通に優しいお通し風の１品
415,かなりの薄味
416,・くえ（山口仙崎産)の刺身～くえ特有の匂いがなく淡泊な旨味がある
417,博多ではあらと呼ぶが、大将によると玄海灘のくえは独特な香りがあるので使わないらしい
418,え～そうなんですね
419,・くえ(山口仙崎産)の湯引き～くえを大根おろしと軽いポン酢で頂くあっさりとしたお摘まみ
420,次は、お酒で辛口のすっきり系と大将にお願いすると「鄙願(ヒガン)」
421,新潟県村上市の大洋酒蔵
422,何か名前がいい感じ
423,・たこ（神奈川佐島産）～柔らかく煮付けられたたこを藻塩で頂く
424,かなり薄味ですから口の中で味わいを探す感じかな
425,・白子(青森産)の餡掛け～真鱈の白子を蕪の餡掛けで頂く繊細で上品な摘まみ
426,摘まみというより小さな椀物としてホッとする逸品
427,お酒がはいってお店全体が和やかな雰囲気になると、大将も時おり柔和な笑顔になって会話に入ってくる
428,「大将は江戸っ子ですか
429,」の問いにも「北海道・旭川ですが、寒いのは苦手なのであまり帰らないですね
430,」お客の会話もしっかり聞いており、ちょっと軽くユーモアも交えて返して頂く
431,・黒鮑（三陸沖産）～物凄く柔らかいので箸で切れそう
432,お決まりの鮑胆は一切使わない
433,それは胆の濃い味にせっかくの黒鮑の味が消されるからとのこと
434,そういう話をしていると、「試しに胆も食べてみて下さい
435,」味見させて頂くが、確かに仰るとおり
436,・鰆(千葉銚子産）とカマス(東京湾産)の焼き物～カマスが意外に大きいと話題になる
437,やはり関東から仕入れた江戸前のネタが多いのかな
438,・白甘鯛（愛媛八幡浜産）の潮汁～高級魚である白甘鯛を出汁をとった潮汁として頂く見た目も美しい逸品
439,摘まみというより料理として一級品である
440,・鰆の味噌焼き～焼いた味噌のホンノリとした香りがいいね
441,なかなかいい感じ
442,お酒がいけます
443,次のお酒もお弟子さんに辛口すっきり系とお任せすると「綿屋(わたや)」
444,宮城県栗原市の金の井酒蔵
445,・ボラ[からすみ]（宮崎日向灘産)※追加注文～もう１品お摘まみをお願いすると、からすみを薦められる
446,全国どこでも捕れるはずのボラですがなぜか宮崎産が良いらしい
447,ちょっとよくわからないが絶品とのこと
448,確かに旨い「からすみ」になっている
449,秋田でもそうだったことを思い出して、大将に大きなボラの卵の写真を見てもらう
450,これからは握り鮨となるが、大将の握る姿が楽しみ
451,若々しいなかに落ち着きを感じさせる立ち振舞いは、経験に裏打ちされた自信ですね
452,【握り鮨】・すみいか（鹿児島産）～イカらしいねっとりとした旨味がシャキッと酢と塩の効いたシャリに合ってます
453,・〆さば[金華鯖]（三陸沖産）～やはり江戸前には〆鯖なので脂の乗った金華鯖が最適らしい
454,小生の大好きな五島の生鯖は使いませんよとやんわり否定される
455,もうちょっと厚みがある方が旨味がわかりやすいと思うが、上品さを求めるのでしょうか
456,・ひらめ（青森産）～ヒラメは青森産が旨いんです
457,八戸の魚市場は冬場になると殆んどヒラメなんですね
458,驚きました
459,・白甘鯛（神奈川佐島産)の昆布締め～甘味といいしっとりとした舌触りといい味わい深い最高級品
460,軽い昆布の香りがめっちゃいい感じで好きですね
461,とにかく米酢と塩の効いた真っ直ぐでキリッとしたシャリが素晴らしい
462,大将にお聞きすると、お米は2種類を使っており固めにしっかりと炊き上げてネタに合わせて絶妙に温度を調整しているとのこと
463,米酢はミツカンの白銀、塩は金沢能登産を使っており、ちなみに醤油は茨城の紫峯醤油
464,・さより（三陸沖産）～このさよりは太くて大きい
465,なかなかこんなサイズは磯釣でも見かけない
466,あっさりした上品な旨さが際立つ逸品
467,・本マグロ大トロ（舞鶴産）～本マグロは老舗卸問屋の「やまゆき」であり、マグロの卸問屋では日本一とのこと
468,舞鶴産の本マグロ160kgという立派なサイズ
469,蕩けるような大トロではなく、シャキッとした味のある男前な本マグロ
470,・こはだ（九州産）～九州産なんですね
471,こはだは必ず頂く江戸前鮨の握り
472,酢の効いたこはだは大好物ですが、シャリも酢が効いているのでちょっと甘味があった方が好きかな
473,・ハマグリ（千葉産）～これまた江戸前鮨の大好きな煮ハマグリ
474,千葉は本場ですから身が大きくてプリプリして旨い
475,・マナカツオ（淡路島産）～写真を忘れるという失態
476,口のなかに旨味だけは残っていたはず
477,・イクラ（三陸沖産）～出汁が上品なのか、何も手を加えていないようなシンプルなイクラ
478,イクラそのものの味わいのみで普通に美味しいでしょう
479,・車海老（大分産）～本日一押しの車海老
480,この大きさにこの厚みが凄くめっちゃ旨い
481,"あまりに大きいので２つに切り分けるが、最後には""コトン""と包丁の刃の重みで切り落とす"
482,由緒正しい音色
483,・チダイ（茨城産）～昆布絞めしたチダイは、見た目の肌艶も綺麗で楽しめる握り
484,昆布締めは大好物なので嬉しい逸品
485,・蝦夷馬糞雲丹（昆布森産）～残念ながら唐津の赤雲丹は時季ではないらしい
486,それでも、この時季の２ヶ月間しか採れない釧路の昆布森産の最高級蝦夷馬糞雲丹ですから贅沢な逸品
487,やはりめっちゃ旨い
488,次は、お酒から白州の水割りにする
489,・白甘鯛（愛媛八幡産）～最高級の白甘鯛は白身であるが淡白ではない旨味が詰まっている逸品
490,米酢のシャリにぴったり
491,・穴子（対馬産）～大将曰く、対馬の最高級穴子ですから旨いはずですよとのこと
492,仰る通りのほろほろと身が溢れるような煮穴子には感動です
493,・玉～大きくて旨いが、特徴としてはわかりづらいかな
494,握りの追加として、江戸前のこはだと穴子を注文して、満腹・大満足
495,あ～、贅沢し過ぎたので年末まではじ～っとしとこう
496,(((^_^;)銀座で江戸前鮨の王道を頂く幸せなひととき
497,ごちそうさまでした
498,
499,いわゆる「銀座の鮨屋」青空さん
500,鮨ラバーならずともグルメ好きなら一度は行ってみたい憧れの響き、それが銀座の鮨屋ですよね
501,（最寄駅は新橋ですが）ということで行ってまいりました、すきやばし次郎で修行されたという青空さん
502,とはいえ「次郎とは全く違う」とある鮨屋の大将はおっしゃってました
503,私はすきやばし次郎には行ったことないので比較できませんが（笑）では早速アテから
504,同伴者が使っていた食材だけ記録してます
505,（飛んでるものもあると思います）・菜の花・たら白子・たこ・カレイつくりとクエ湯引き・甘鯛
506,蓮根・あわび・さわらスモーク・雄のししゃも一言で感想を申し上げると上品、いや、上品過ぎて面白味に欠けました
507,私は特に面白味を求めるタイプでもないですが、全体的にシンプルに素材を活かすという趣向かなと思います
508,ただ、素材自体の凄みを感じるものが無かったのが拍子抜けした感じです
509,（早く握りに行って欲しいなと思ってしまった
510,）さて、握りはいかに
511,・すみいか・かすご・まぐろ赤身・中とろ・大とろ・こはだ・いくら・さば・車海老・赤貝・うに海苔巻き
512,北海道ばふん・穴子・たまごこの日頂いたマグロは唸るようなレベルでは無かったですが、さすがというクオリティ
513,銀座の鮨屋の矜恃を見せていただきました
514,サバが抜群に美味しかった
515,
516,
517,サバの旨味、脂のノリが素晴らしく、とても甘く感じました
518,濃厚なのに後味がさっぱりとしたサバ、「何じゃこれ⁇」最上級のサバ
519,これならサバが苦手な方でも食べられると思います
520,美味しすぎて追加しました
521,意外だったのはコハダ
522,江戸前らしくガツンと来るのかな
523,と思いきや優しいコハダ
524,好みが分かれるかもしれません
525,私はもう少し酢が効いた方が好みでしたが、ある意味酢で誤魔化さないコハダと言えるかも
526,そして何といっても穴子
527,
528,
529,この日二度目の「何じゃこれ⁇」口に入れた瞬間目を見張りました
530,熱々のまるでバターのように溶けていく穴子
531,この食感は初体験でした
532,ただ柔らかいふわふわした穴子ならどこにでもありますが、柔らかいだけじゃないんです
533,ふわふわなのに、ギュッと密度の詰まった穴子、この相反する不思議な食感
534,どんな仕事されてるのかは分かりませんが、素晴らしいとしか言いようがありません
535,穴子が一番好きな私としては小躍りしたくなるほどテンション上がった
536,
537,
538,（笑）もちろん追加しました
539,あと赤貝も良かったです
540,少し離れてても赤貝の香りが漂うくらい
541,赤貝がそこまで好きなわけではない私ですが、美味しい赤貝ならウェルカム
542,その他全体的にタネ質は最上級ですね
543,シャリは攻めた米酢というレビューが結構ありますが、私にとっては超マイルドな米酢でした
544,マイルド過ぎて米の気配が感じられないぐらい
545,（私がおかしいのかな
546,）私はもう少しシャリの存在感が感じられる握りの方が好みですが、これはこれで完璧な米と魚の一体感なのかもしれません
547,というわけで、一通りお任せが終了した時点で13貫、全然お腹が膨れず（涙）たまごの前に以下追加しました
548,・こばしら・ブリ・さば・あなごブリ
549,美味しかった
550,もはやブリではない
551,私を含め、養殖物に食べ慣れた現代人はこれを目隠しをして食べたらブリと認識できないかもしれません
552,宇宙レベルでスーパーで売られているブリとは味が違います（笑）これはもう食の悲劇ですね
553,日本酒の品揃えも豊富でした
554,二合注文
555,・手取川・喜正あと印象に残ったのは大将の握る所作の美しさ
556,威厳がありつつも柔和な笑みをたたえながら握る姿に見とれてしまいました
557,お客様には程良い距離感で接しておられ、接客も素晴らしいと思います
558,"（いわゆる劇場型のパフォーマンスをされるタイプではないところも私にとっては◎）そして会計は79,000円/2人"
559,めでたく鮨屋最高額更新
560,（笑）お弟子さん小僧さん、7人、あと女性も2名居たかな
561,その方たちの人件費、家賃、銀座のステータス料金考えると妥当なのでしょうか
562,
563,理由はどうであれ高いわ
564,（笑）ちなみに私と同時期に行った方は10万近くだったとか
565,
566,聞くところによると、ひところに比べると値段がかなり上がったようです
567,その分食材のレベルが上がったりしたのかな
568,そこは私は分かりませんが
569,あと、たまたまその日だけなのかもしれませんが、店内はかなり賑やかというか騒がしく、鮨に集中できる雰囲気ではなかったです
570,やっぱり銀座の鮨屋は富裕層や接待族のためにあるのかなぁ
571,色んな意味でただただ鮨が好きという人には向かないのが銀座の鮨屋なのかもしれません
572,もし次回お伺いするなら握りだけで
573,（穴子だけ食べさせてもらえないかな
574,笑）◆点数の基準（6パターンのみ）・5
575,0　　10回以上訪問（マイベストレストラン）・4
576,5　　5回以上訪問（もしくは今後定期的に通いたい）・4
577,0　　2回以上訪問・3
578,5　　再訪したい・3
579,0　　再訪なし・2
580,5　　難あり
581,銀座の青空さんに行って来ました
582,以前のお店の時はよく使わせて頂きましたが、新店になってからは初訪問です
583,the
584,tabelog
585,award
586,2019silver、2018
587,silver、2017silver受賞店です
588,店名の青空とは、店主の名前からとったものです
589,店内は凛とした空気が漂う綺麗なお店です
590,こういう空間でお鮨を食べるとより一層美味しさが増します
591,食材も旬一切妥協のない食材選びなのでとても美味しいです
592,つまみからにぎりの「おまかせ」が基本ですが、にぎりのみでも大丈夫です
593,シャリは2種類の山形米をブレンドで作るそうです
594,米酢と塩を効かせた硬めのシャリなので僕好みです
595,美味しいシャリを提供するためにネタに合わせて温度調整してるのでとても美味しいです
596,おつまみメニュー白子蛸蒸し鮑浅利出汁が使われており、深い味わいです
597,黒鮑を使用
598,等頂きましたここから握りメニュースミイカきすマグロ赤身マグロ中トロマグロ大トロ小肌赤貝鯖イクラ車海老雲丹穴子玉子とても美味しいお鮨でした
599,また再訪致します
600,ご馳走様でした
601,
602,銀座で夕食を食べてきました
603,今回利用したのは銀座にある寿司の有名店「青空」です
604,お店は銀座8丁目にあるビルの6階に入っています
605,最寄り駅は内幸町駅で、jrなら新橋駅からが近いかもしれません
606,店内は品の良さを感じる落ち着いた雰囲気で、職人の熟達した技術と厳選された素材の妙味を楽しむことができます
607,メニューは「おまかせ」のみですが、握りのみで構成するなど多少の融通は利くようです
608,今回は特に構成に注文をつけることはせず、出されるままに極上の握り寿司をいただきました
609,今回は鯛やイカ、タコ、マグロ、ウニ、イクラ、エビなどのネタを中心にいただきましたが、いずれも信じられないほど濃厚な味わいでした
610,極上の素材を丁寧に調理した結果がこの味なのだと思います
611,特に大トロの、旨味だけを残して口の中で溶けてしまう体験は感動モノですね
612,また、こちらのお店の特徴であるシャリの酢飯にも感心しました
613,ネタに合わせて細かな変化をつけており、それが素材の旨味を一層引き出しています
614,これぞ職人芸ですね
615,このレベルの寿司が食べられるとなると、値段を云々するのは無粋だと思います
616,とにかく銀座でおいしい寿司を食べたくなったら、真っ先に検討するべきお店です
617,
618,お寿司はビギナーなうち
619,三万円代お寿司のデビュー戦が青空とは、その価値が解るかどうか心配ながら門をくぐる
620,まず雑居ビルに入ってる事で驚くwそんなもんなんかーい
621,でも、暖簾をくぐった瞬間別世界でしたね
622,カウンターを作る木のいい香りがふわりと漂い、それだけで背筋が伸びる
623,おまかせで頂きました(*^^*)まずここはつまみね
624,つまみがもう悶絶
625,和食の一流店でもこの感動はなかった
626,◆つまみ枝豆ウニの鱧の出汁のジュレがけタコの柔らか煮鱧マコガレイと湯引きしたアラ鮑鰻(追加)◆握りキス昆布締めかすごマグロ3種しんこ鰯鯵雲丹軍艦穴子海老玉穴子は、マシュマロより柔らかい
627,手で触れた瞬間ホイップクリームかと思うくらいとろーり
628,これは確実に過去最高の穴子
629,つまみで悶絶級だったのはウニの鱧の出汁のジュレがけあと、食べたのに何か忘れたけど海苔が乗ってるやつ
630,失格ですねこれを忘れるのはw鮑も美味しかったー
631,出汁最高
632,追加もしてお値段も過去最高となりましたが再訪する価値のあるお寿司屋さん
633,我々が若いとみて大将が一言説明してくれるのも好感が持てた
634,常連さんには特に説明せず出してたけどw9時半くらいからは1人で飲んでる男性も何人かいて、お好みで普段使いもできるお寿司屋さんなんだなーと思った
635,cp
636,"40,000梅酒2杯"
637,予約困難店
638,と聞いていましたが
639,事前に電話をすると「20時半からでしたら
640,大丈夫」とのこと意外にあっさり予約が取れて
641,拍子抜けです日によっては
642,3回転することもあるそうなので遅い時間ならチャンスあり
643,
644,かもですたまたま
645,
646,20時半に<青空(はるたか)>さんに訪問すると「今
647,片付けているので
648,」なので
649,少し待って
650,カウンターに着席一斉スタートでは
651,ないですねつまみと握りor握りのみ
652,から[握りのみ]をオーダーこちらの大将は<すきやばし次郎>(未だに未訪問)さんで12年下積み
653,からの独立ですから私の期待値のハードルが上がります見た目は強面
654,(若い頃の布袋寅泰似
655,)ですが
656,話すと穏和な大将です肝心のお鮨のほうは【江戸前鮨の王道】という印象です他のお客さんも
657,入れ替わりのタイミングのようでテンポ良く
658,提供されますシャリの酢を
659,強めに感じますが私好みで
660,美味しいですついに噂の穴子登場トロットロで
661,絶品です煮詰めとの絡みも
662,最高ですハードルが上がっていてもそれを超えてくる<青空>さん人気店なのが
663,理解できましたあれ
664,隣の席の方は
665,後日に予約済みの某有名天ぷら店の○○○さんだまさか訪問前に
666,お会いできるとは
667,以前テレビで<すきやばし次郎>の次郎さんと○○○さんが
668,季節ごとにお互いのお店を行き来している
669,のを見ました次郎さん本人は元気だけどお医者さんから
670,仕事量を制限されて夜は
671,殆ど店には出ていないというのを思い出しましただからお弟子さんである<青空>さんに通われている
672,
673,のですかね
674,思いがけない出会いもあり楽しく美味しく頂きましたご馳走さま
675,色々な意味で銀座を代表するお寿司屋さん＜概要＞いわずもがなの有名店
676,しっかりとした味付けがお酒とマッチして、ついつい呑み過ぎて食べ過ぎるお店
677,自分のなかではベスト寿司屋の一角を確実に占めています
678,お値段は（自分がお酒とか珍味を多く愉しむこともありますが）銀座の中でも最も高い部類に入ります
679,色々な意味で今の銀座を代表するお寿司屋さんです
680,＜お酒＞①ご修行先だった次郎さんと違い、お酒を存分に呑むことができる点がいいところ
681,ワインも置いてありますし、最近になってグラスでも出すようになったこともあって、ワインを飲んでいる人が以前に比べると随分と増えました
682,②日本酒はリストがなく、呑みたいものの味わいを伝えたりしてお任せする形になります
683,単に「日本酒を」というと「純米、純米吟醸、純米大吟醸がありますがどれにしますか
684,」というちょっと不思議な訊かれ方をします
685,もちろん、所蔵する日本酒の銘柄を訊けば教えてくれますので、日本酒に詳しい方は銘柄を確認してから選んでもいいと思います
686,移転してから少しラインナップが増えて、この投稿の時点では鄙願、綿屋、まつもと、手取川、酔右衛門、黒龍、喜久酔が置いてあります
687,＜食事＞①おつまみは、だしがきいたしっかりとした味わいのものが多く、お酒が進みます
688,特に、おつまみの前半に蛤、あさり、鯛などからしっかりと出汁をとったスープが出てくるのですが、これがいつも美味しい
689,自分がお酒好きであることを把握してくれているので、「もう少しおつまみいきますよね
690,」と確認を入れてくれつつも、いつもおつまみや珍味を多めに出して頂いています
691,②このレベルのお店になればネタが上等なのは当然です
692,アワビのような高級食材（しかも上等なもの）も惜しげも無く出てきます（ただし、あわびはツマミとして出てくるのが常なので、握ってもらうときは別途お願いしましょう
693,）
694,③シャリは少し固めで酢がきいている感じなので、やはりお酒呑みには向いています
695,シャリの温度にばらつきのあるお店もありますが、このお店でそのような経験をしたことはありません
696,④ビシッと形が整った青空さんの鮨の美しさは見事です
697,サヨリやアジなどの光り物の握りの美しさがとりわけ素晴らしく、sns映えすること間違いなし
698,⑤お好みでやる常連客もいますが、自分を含め殆どの客はお任せです
699,＜サービス＞①大将と二番手、三番手の方がカウンター内のつけ場を担当し、とても若いお弟子さん2〜3名と女性スタッフ2名ほどがフロアや厨房を担当しています
700,カウンター席に座っている限り、サービスに滞りを感じたことはありません
701,自分のお酒の呑み具合をみてタイミングよく次のお酒を勧めてくれる点も（お酒好きの自分には）ポイント高し
702,②大将である青空さん、職人意識が高いのはもちろんですが、その美意識の高さにも感心させられます
703,時代物と現代物とがバランスよく使われる食器群、さりげなく飾られている美しい絵画などもそうですが、ビシッと決まった髪型、独特な形の襟元、シャープな体つきなど、あらゆる面において美意識が高いと思わされます
704,エンターテイナーではないですが、だからと言ってとっつきにくいことはなく、キチンとした距離感を保ちつつ、適度に快適な会話を楽しませてくれる方です
705,＜内装＞①l字型の長いカウンターと個室
706,個室には4名が入れることになっているそうですが、個人的には見たことがありません
707,②ビルの中にあるとは思えない、そして寿司屋とは思えない、ゴージャスな内装です
708,＜特筆＞客層は実に様々で、外人客（極力2回転目以降に入れているとのこと
709,）も多いし、綺麗な女性を連れた同伴客もいます
710,無言で寿司とじっくり対峙している男性1名客、食べ歩きを趣味としているであろうカップルやグループ客、そして大将と軽口叩いてリラックスしている常連客もたくさん
711,この多彩な客層、ミシュラン星付き、立派なお値段、頻繁に入れ替わる客で常に埋まっているカウンター、ゴージャスな内装・・・これらの要素がこのお店をとても銀座らしく、そして日本を代表する寿司屋にしていると感じます
712,
713,２０１７・５・１７今日は銀座～やったやったすっし～♪「銀座　青空」へ２名☆「ぎんざ　はるたか」は銀座８丁目、コリドー街にある時傅ビル６階にあるお店
714,以前載せました「銀座和久多」のあるビルですね
715,２００６年に銀座８丁目の雑居ビル３階にオープンし、２０１６年にすぐ近くのここに移転オープンした、ミシュラン１つ星に輝いた、銀座屈指のお鮨やさんの名店です
716,まさにザギンでシースーてやつだな
717,エレベーターを降りると障子の窓
718,下は石畳が敷かれています
719,２度目の予約ですが、前回も今回も、１７時から１９時までのお席なら大丈夫ですとのこと、思ったよりすんなり予約できちゃいます～＾＾入ってすぐに個室が１つ
720,右手にl字型の白木カウンターが１２席ほど
721,清潔、上品なこの空気感・・・うーんザ・ギンザスシな感じ
722,北海道出身の店主、札幌のお鮨やさんで修業を重ねていましたが、銀座の名店「すきやばし次郎」へ入り１３年間かけて一から勉強し直したそうです
723,修業を経て独立し、同じ８丁目に店を構えましたが、あっという間に人気店になり、少しですが広い箱のこの場所に移転してきました
724,２００６年の独立から１０年以上経った今では銀座の１，２を争うお店になっちゃったのね
725,ドリンクメニュー・・・は撮ってません
726,生ビール☆あぁ、この薄いグラスがいいよね～メニューはおつまみに握りのお任せで
727,料理のみ一通りで大体３万円弱くらいかな
728,（少しですが追加しちゃったのでよくわからん
729,）空豆☆あ、切り込みがよくある空豆の反対側だ
730,うまー
731,えぼ鯛☆うん
732,さすがなつまみ
733,肉厚なエボダイ
734,軽く炙ったこのレアっぷり、さっぱりなポン酢な感じ
735,たまらんな（　´∀｀）あさり☆はぁー立派
736,もちろん汁ごとぐいっといただく
737,ワインもお高めな冷酒も揃っていたけど、やっぱコレかな
738,ぬる燗（１０００円）☆醤油は卓上に置いてあります
739,マグロ中落ち☆とヒラメ☆マグロ中落ち丁寧に筋を取った、ねっとりとした岩崎のマグロ
740,ヒラメうーん、うまい
741,食感良し
742,可愛い醤油皿～ちゃーんと包丁の刃が見えないようになってます
743,ナガスクジラ☆とトリ貝☆目の前にクジラの塊が置いてあったとき、なんでここに牛肉置いてあるんだ
744,
745,って不思議に思っていました(笑)ナガスクジラ海外産のナガスクジラ
746,なんだこれ、感動
747,
748,
749,溢れ出すこの旨味
750,臭みや癖は全く感じられず、パンチがきいた濃厚な味わいですが後味はとてもさっぱり
751,トリ貝柔らかい
752,
753,微妙に肝つき
754,
755,金目鯛、蛤出汁☆蛤の出汁に浮かぶ金目鯛
756,はぁ・・・素晴らしい火の入り具合、ほんわりとろける身
757,はぁ・・・ため息出ちゃうダシ
758,
759,カツオの燻製☆千葉県のカツオを軽く燻製にしたもの
760,このおのかに香る燻製香
761,まわりはしっかりした食感、中はしっとり
762,うーーん、すごい
763,ぬる燗☆ここから握りへ突入
764,大将・青空さんのお出ましです
765,
766,最初からいらっしゃいましたが
767,握りはほぼ大将担当ですね
768,「すきやばし次郎」では１０年ほど経つと玉子を焼かせてもらえるようになって、一人前として認められるようになるそうですが、それでもお客様の前ですしを握るまでには至らないんだそうで
769,
770,気が遠くなる・・・私には無絶対理だ
771,
772,
773,お弟子さん達の緊張感が伝わる
774,
775,
776,私も緊張
777,笑しかし気さくな大将さん♪青空ではるたか、良い名前
778,輝く漆の盆におかれてゆく～相変わらずガリ食う
779,お手てふいて
780,アオリイカ☆さくっとした歯ごたえの甘みあるイカ
781,最近赤酢なシャリをよく見かけますが、こちらは米酢のみ
782,ひと粒ひと粒のシャリの存在感がスゴイ
783,シャリは全体的に結構大きめに感じました
784,周りの常連さん
785,は、シャリ小さめで注文してる方も多くいらした印象
786,キス　昆布〆☆キスの握り
787,強めに昆布〆しちゃって
788,淡泊ながら、ネタも
789,シャリも際立つ
790,すり立て山葵
791,よく落ちないな、風味が飛ばないよう器に入れてひっくり返して置いておく
792,しまあじ☆うーん、上質な程よい脂
793,
794,ここからマグロ
795,
796,
797,・・・の前にガリ食う
798,マグロ　赤身☆コクあってまったりと
799,
800,
801,マグロ　トロ☆美しい
802,だんだんと広がるよ脂と旨み～マグロ　大トロ☆脂と甘みがすごーい＾＾シャリを置いてとろけていくよ～マグロを愛する私としては、期待が大きすぎたせいが、思った以上の感動はなかったかな
803,いやいやめっちゃくちゃ美味しいのですがね
804,
805,
806,コハダ☆うーむ、素晴らしいクオリティ
807,ぬる燗☆煮蛤☆ぷりっと
808,甘い味付けに負けぬ蛤の主張が、噛むとしっかり滲みでる～
809,あじ☆あーやべー・・・やっぱ好きだわ・・・・小柱☆甘みはしっかり感じる
810,・・・ですが冷蔵庫から出したてのような、解凍しきってないような感じで冷たかったのが残念
811,あ、といっても全ての握りにおいて、超美味しいが前提です
812,・・・なんて、そんな寿司も知らないくせにエラそーにｗｗｗ車エビ☆湯で上げてから目の前で剥き握る
813,水っぽさは一切なく、ほんのり温かく凝縮された旨み
814,
815,
816,あとほんの少し、ほんのすこーしレアでもいいかも
817,
818,がり
819,何かなー＾＾赤ウニ☆壱岐の赤ウニです
820,温度もよく、甘く濃厚
821,穴子☆ふんわりとろり、シャリとも相性抜群
822,ラストはこれ
823,玉子☆おほほーう
824,
825,
826,濃厚な凝縮された、スフレのようなカステラのようなパンケーキのような・・・しっとり粘り気のあるような
827,感動な玉
828,すきやばしではコレを焼かせてもらえるまで１０年か・・・やはりすごい
829,ここでお任せ料理は終了
830,お連れさんはもうお腹パンパンと
831,確かに、とても満足できました
832,しかし最後に私は追加で巻物2つお願いしちゃいます
833,ならばこれも
834,最後は２人で１合ね
835,ぬる燗☆とろたく巻☆とろに沢庵
836,思った通りな美味しいとろたく
837,干瓢巻☆強めな醤油にしっかり食感残した干瓢をシャリで巻き巻き
838,酸味、塩味、甘み絶妙
839,満足
840,
841,端の常連さんはお好みでたべていた
842,しかし、私には絶対常連にはなれないであろう会計
843,笑さてさて飲みへ
844,お次へ～ε=┌(・∀・)┘
845,一年近くちゃんとした鮨を食べていなかったので、我慢が限界になり相方とふたりで青空さんへ
846,３日前に電話したところ、運良く空きが出たということで行ってきました
847,"以前一度だけ青空さんへ行ったことがありましたが、それはもう7,8年前の話"
848,当時は（いまもそうだけど）こんな高級鮨に入るなんて非日常すぎて、すごく緊張してあっという間に終わっちゃった思い出
849,当時とビルが変わって少し広くなったんですね
850,付台には３人いらっしゃって、１番左に青空さん
851,席について、いや、８年も経ってるから自分も少しは大人になってるかなと思いましたが、やっぱり緊張しました
852,でも今回はちゃんと楽しみたいからリラックスして楽しもうと飲み物はビール、相方は飲めないのでお茶
853,前回もそうだたのか覚えてないんですが、お茶の取り換え頻度が凄まじく、大げさではなく１０回くらい差し替えてもらってました
854,"さて、相方が飲めないこともあり""つまみすくなめ、握り多めでお願いできますか"
855,"""とお願いすると""３，４品くらいにします"
856,"""と調整してくれました　が、つまみ終盤で大将の前に巨大なフグの白子が登場""あれも食べたい"
857,"""とお願いして１品増やしてもらいました"
858,◆つまみお通しのれそれ蛤出汁たこ煮白甘鯛カブのすり流し出汁河豚の白子すっぽんの出汁◆にぎりすみいかさよりあかみちゅうとろおおとろこはだはまぐりしめさばくるまえびこばしらかすごうにあかがいぶりあなごたまごかんぴょうまきつまみはどれもこれも旨味がたっぷり
859,たこは柔らかく香りがとてもよかったです
860,フグの白子はすっぽん出汁とともに一口で（切れなくて）食べましたが幸福
861,どうやったらこんな出汁がとれるのかしら
862,にぎり　前に来た時はシャリの酢が強いとかなんとかわからずに食べたかもしれません、今回味わってみて確かに
863,こんなに酢がしっかり効いているんだという印象でした
864,"確かに""いか""""かすご""のときは酢が強すぎるかなと思ったけど、脂の乗ったネタやえび、あなごには最高に合うなと"
865,そしてたまごは相変わらず激ウマ
866,かんぴょうまきはなんか通な人がよく頼んでいるのをみるのでたのみました
867,しっかりした味付けで、そこまで甘くないので、相方も気に入ってました
868,財布が許せばちょくちょく来たいけど、怒られるな〜
869,お久しぶりです
870,つまみはお少なめでいいんでしたっけ
871,そんな一声から始まった一夜
872,移転後、初めて伺った
873,手に触れる象牙色の絹のようなカウンターがすでに目と手を満たしてくれる
874,つまみは4皿いただいたがつまみという言葉には収めることができない味
875,白川の蕪がけはふわりと蒸し上げられた白川の身は純白であまりに繊細、皮には脂が乗り、ゼラチン質がとろりと蕩ける
876,白川を蒸しあげた出汁に蕪を少量すりおろしたスープは水のような口溶けの白川の脂がキラキラと水面を飾り、優しい蕪の甘みが心を溶かした
877,余りに自然に甘く、蕩ける白い冬の美味
878,鰆の燻製は以前もいただいたが、山わさびとネギ、醤油を合わせて叩いた薬味などが添えられ、さらに素晴らしい味だった
879,佐島のタコも香りと風味を最大限に引き出す仕事はやはり健在
880,極上
881,握りの味はもちろん、舎利の安定度も素晴らしい
882,白酢で最初に少しつんとくるが米の旨味と甘みで後味はまろやかだ
883,舎利替えは30分に一度くらいのようであったが温度は人肌で一定
884,粒がたち解ける
885,ただ舎利が握り方で解けるというよりも米の炊き方の水分量の少なさで解けるような印象なのは好みではない解け方
886,水分量の少なさゆえ米がアルファ化せず米の旨味が最大化されていないように感じてしまう
887,ほどけながらも少し口に引っかかるような印象なのだ
888,この辺はもう好みだと思う
889,握り方は少しタネの上から押さえつけ触れるのが少しきになるが捨て舎利なく4手から8手ほど
890,タネは極上のものが並ぶ
891,写真に感想は添えるが
892,その中でも特に素晴らしかったものを
893,三厩の80kgの赤身
894,室温に戻され、少し厚めに切りつけられる
895,その身の繊維の細かさと旨味の凝縮感は、圧をかけて大きなサクを一切れに詰め込んだかのような印象を受けるほど
896,厚めの繊維を断ち切ったような切りつけも完璧で口が鮪の旨味とナメりで満たされる
897,強烈過ぎるイノシン酸は甘みに近い快感だ
898,20分少し締めたという天草の小肌は酢がまろやかに身に混ざり込み脂と結合したよう
899,酸によって甘い脂は引き立ち、甘い脂によって酢飯が酸からニュートラルな立ち位置に戻る最後は0に戻る夢のような旨味
900,赤貝は宝珠のような色艶に肉厚な身
901,強い鉄分と爽やかな香りが抜ける閖上のピンのピン
902,馬糞も山の様に盛られ、舎利の酸味を濃厚な甘みが持ったりと包み込む
903,少し水分少ない舎利の一粒一粒の間をまったりとつつみこみ旨味の潤滑油を纏った舎利はマイクロポイントな相性だ
904,初夏にも良いものがあれば青空でいただける春子は皮目は柔らかで光り物への甘みを引き立てる酢とは一転
905,身の旨味を引き出す酢締めでめくるめく酢締めの旨み力が素晴らしい
906,近年あらゆる寿司屋で定番である穴子だが、この肉厚なものを提供するのはほんの数店
907,1cm弱の厚みの穴子がワタの様な軽さで溶け、最後に皮がネットリと舌に絡みつく
908,良き2面性を引き出す驚きの穴子
909,これは以前いただいた時と違う皮の食感があり驚き、人生で最高の穴子の一つだった
910,やはり卵はふんわりとしながら水分を含み蕩け、山芋の野暮ったさは感じない素晴らしいものだし、乳製品を入れているのかと疑いたくなるほどの朧も記憶に違わない極上の味わいだった
911,全体的に切りつけも厚めなのも好みだし、コースの流れも甘みのあるタネの後に締めたものや香りのタネなどが並び、舌を喜ばせる起伏づくりも良い
912,ただ残念に感じたのは中トロと大トロ
913,タネは本当に素晴らしく旨みと脂が同居するもので温度管理まで完璧なのだが切りつけがやや薄く、最後に強い酸の舎利が分量的に口に強い印象を残してしまった
914,後はやはり赤酢ではない、かなりシャープな酸の舎利は脂のりの良いタネに負けないものの、少し馴染みが悪い様に感じてしまう
915,もう少し米に甘みがあればこの寿司酢でも馴染むとは思うのだけど
916,車エビは以前いただいた程の甘みと迫力に欠けたがこれはこの日のたまたまだとは思う
917,エビを2つに切る際のトンッと落とす次郎譲りの包丁も久しぶりで楽しめた
918,追加で巻物を2つと日本酒で3万を超えるものの納得の値段
919,美味ばかり
920,本当にありがとうございました
921,宵を越して思い出す、迫力の寿司がここにある
922,〜今回いただいたもの〜のれそれを蛤の出汁で佐島蛸塩煮白川をかぶらのすり流しに浮かべて鰆の藁焼き、山わさびにネギを叩いたものと醤油を合わせて墨烏賊カンヌキ昆布締め三厩一本釣り80kg赤身
923,中トロ
924,大トロ天草小肌バラツキないのでだいたい通年天草とのこと
925,蛤
926,鯖小柱車エビ閖上赤貝
927,愛知かすご
928,北海道馬糞
929,鰤対馬穴子
930,玉子
931,追加おぼろ巻き
932,干瓢巻き弥右衛門、黒龍
933,青空
934,鮨
935,新橋
936,移転してから初めての訪問
937,以前と比べるとゆったりとした空間
938,明るく華やかなであり、凛とした空気で背筋がピンと自然に伸びる感じ
939,移転する前は、独立してすぐに伺ったのでまだ若々しかったが、その時から年齢にそぐわない落ち着きがあったが、さらに貫禄が増して独特のオーラがある
940,なぜかわからないが、説明するものと、そのまま説明なくおいていくだけのものがある
941,誰が見てもわかるものならわかるが、かすごのようなある程度鮨を食べていないとわからないようなものが、何も説明がなかったりする
942,今回も握りのみをいただいた
943,ぴったり2万2千円
944,ヒラメ・すみいか・さより・赤身・中トロ・大トロ・こはだ・煮はま・さば・小柱・車エビ・赤貝・いくら・ぶり・紫ウニ・かすご・穴子・玉子中程度の大きさ
945,流線型で美しい握り
946,シャリは固めで酢加減は結構強め
947,口の中でのはらけはまずまずなのと、シャリとネタの相性も良く握りの完成度はさすがに高い
948,以前よりはおいしく感じた
949,煮きりと煮ツメだけのシンプルな握りで好みの系統ではある
950,ただ前回同様、これはうまい、というとても印象に残る握りではなかった
951,この値段を出すと、やはりそういった握りと出会いたい
952,一番良かったのは脂が甘く癖がないサバ
953,そのほかは、強いてあげれば、脂がねっとりとしてシャリと絡む大トロ、見たことないくらい巨大で濃厚な紫ウニ、分厚くしっかり酢をはじく様な力強さのあるこはだ、溶けるような穴子かな
954,玉子も香りがよく食感がとろとろで手の込んでいることはわかる
955,どれも上質なネタであるが、値段を考えると、これくらいは当たり前かなと思ってしまう
956,
957,かなり久々の訪問、前回は4〜5年前かもです
958,最近移転したのも予約する段で知りました
959,以前と同じ銀座でも、ビルは相当グレードが上がっています
960,店内もゆったりと気持ち良い空間、落ち着きます
961,柾目の檜の一枚板がちょっと無いレベルの凄さで、実に上質な雰囲気を醸し出しています
962,さておつまみからお任せで戴いた内容です
963,◾️
964,銀杏◾️
965,鰆
966,
967,
968,軽く炙って薬味を効かせて
969,旨い
970,◾️
971,煮蛸
972,
973,
974,
975,お酒に合いますね〜◾️鱈の白子
976,
977,
978,濃厚だけど雑味なく美味◾️
979,お刺身
980,
981,
982,"平目,"
983,クエ
984,◾️
985,蒸し鮑
986,
987,
988,肝と煮切りのゼリーで
989,美味◾️
990,蒸し鯛◾️
991,鰹のたたき
992,
993,
994,大蒜が少し気になりますここから握りです◾️
995,墨烏賊
996,
997,
998,◾️
999,鱚
1000,昆布締め◾️
1001,鮪
1002,赤身
1003,
1004,
1005,◾️
1006,鮪
1007,中トロ◾️
1008,鮪
1009,大トロ
1010,
1011,
1012,◾️
1013,小肌◾️
1014,鯖
1015,
1016,
1017,◾️
1018,車海老◾️
1019,煮蛤
1020,
1021,
1022,◾️
1023,馬糞雲丹◾️
1024,白甘鯛
1025,
1026,
1027,◾️
1028,赤貝◾️
1029,穴子
1030,
1031,
1032,◾️
1033,玉子つまみも大変素晴らしいお店ですが、以前の印象よりは握りの比重が大きくなったように感じました
1034,つまみで高まった期待に、握りが応えます
1035,しっかり酢が効いて輪郭のはっきりとしたシャリも好みど真ん中、温度もネタとのバランスも計算尽くなんでしょうが、食べる側には感じさせない自然さです
1036,小肌と鯖をお代わりしましたが、16貫がすっとお腹に入るのはネタの順番の妙でしょうか
1037,貫禄が付いて来た余裕の感じられる親方の接客も心地良く、値段の高さを納得させるお店ですね〜
1038,また来たいと心から思いました
1039,(^^)
1040,あの有名なすきやばし次郎さんで修行され独立
1041,次郎系ですね
1042,最近新しい店舗に移動されたみたいで以前の店舗よりも席数が増えたみたいです
1043,コリドー街にあるとても綺麗なビルでしたね
1044,よくしていただいている社長さんのお勧めで期待しちゃいますねー鮨屋お決まりのl字の白木カウンター個室もあるみたい
1045,上品でなおかつ凛とした空間はいい意味合いで威圧感を感じさせてくれるね握り中心のおまかせをオーダー
1046,１５貫ぐらいだったかな
1047,（メモるのを忘れてしまった）シャリは固めでよく口の中でネタと砕ける
1048,一粒が大きく先が立つ感じ
1049,これは好みがあるかな
1050,私は嫌いじゃないです握りも旨い
1051,ネタに旨味がしっかりとのっていて熟成たっぷり♪なぜか特にこれといって印象に残ったネタはないけど全体的にレベルが高く失敗がない感じ
1052,ただ１点きになるのが、お弟子さんたちがたくさんいるのですがみんな親方にビビってるのかかなりぎこちない感じ
1053,こっちまで不安になってしまうほどの不自然さ
1054,オーダーしてた段取りもうまくいかずちょっと、ちょっとちょっとって感じが残ったかな
1055,お鮨は美味しいのにもったいない
1056,では
1057,
1058,ついにきたか・・レビューを書きながら、ふと不安が頭を過ぎった
1059,若年性認知症の初期症状、記憶障害のことである
1060,通常ならレビューを書く際に記憶を辿れば、料理の味や印象が蘇ってくる
1061,ましてや、写真を見返せば尚更である
1062,しかし、不思議と当店の記憶は蘇ってこない
1063,決して不味かった訳ではない
1064,むしろ旨い鮨を堪能した覚えもある
1065,訪問直後につけた、評価もそれを裏付けている
1066,決して没個性的な鮨ではない
1067,むしろ酢と塩を際立たせたシャリは、独自の世界観を描いている
1068,しかしそれでも私の脳は、この味を短期記憶から長期記憶に移行することが出来ないらしい
1069,実に２年ぶりの訪問
1070,前回も丁度都知事選の真っ最中であった
1071,旨いが記憶に残らない忘却の鮨
1072,次の都知事選の年に、また思い出すであろう
1073,青空へ行こうと
1074,（つまみ）⚪️伊勢海老の焼き霜⚪️焼きサンマ
1075,肝醤油⚪️鱧の落とし、淡路産
1076,玉ねぎ⚪️ヒラメ、ハタ炙り⚪️千葉産
1077,黒蒸し鮑⚪️鰹の叩き、行者大蒜⚪️唐津産
1078,赤雲丹、由良産
1079,赤雲丹⚪️宍道湖産
1080,鰻
1081,甜麺醤のタレ（にぎり）⚪️真鯛⚪️墨烏賊⚪️キス昆布締め⚪️宮城閖上産
1082,赤貝⚪️鮪
1083,赤身⚪️大間産
1084,中トロ⚪️小鰭⚪️いくら⚪️車海老⚪️縞鯵
1085,⚪️鰤⚪️小柱⚪️穴子⚪️玉子⚪️干瓢巻
1086,すし善で修行して、あのすきやばし次郎で13年の修行後、2006年にオープンした青空、10年目で新店舗に移動された
1087,以前より大分店内が広くなった
1088,カウンターは14席、広くなっても予約の取りにくさは変わらない
1089,でもこの日はなぜだか当日の電話で８時30分から入ることができた
1090,◇枝豆◇たこ◇はも◇千葉産黒アワビの蒸しにあさりの出汁ここから握り◆マコガレー◆あおりいか◆きすこ◆まぐろ漬け◆中トロ◆大トロ◆新子６枚漬け◆赤貝◆あじ◆車エビ２貫◆しまあじ◆大分産あかうに◆かつお◆穴子◆玉◆かんぴょう巻◇生ビール◇まつもと◇宮城わたや本日は、つまみをちょっと軽くしてもらい、にぎり中心にしてもらった
1091,シャリは、米酢のブレンド、しっかりと酸味と塩気が効いた、コメの粒が固いにぎり、好き嫌いはあるだろうが、このシャリが１番という人もいるぐらい評価は高い
1092,つまみは、超一流、いつもブレなくストレートに美味しいネタ、この時期の新子の６枚重ねはすばらしい味
1093,北海道でこの時期だと定置網になるが、66kｇの大物のマグロは、この時期の特徴か脂が優しく赤身がとろけるよう、味わいはすばらしい
1094,雲丹も私の好きな大分の赤雲丹、あじもしまあじも絶品だ
1095,お値段はお酒入れて33000円、お寿司やさんの中でもちょっと高いのだが、これだけのお寿司が食べれれば満足だ
1096,銀座8丁目、ｊｒ新橋駅の銀座口を出て外堀通りを銀座方面に進み、静岡新聞社を通り過ぎて一つ目の交差点を左折したビルの６階にあるお寿司屋さん
1097,移転して間もない銀座の鮨の名店、青空(はるたか)さんです
1098,約1カ月前の電話予約のうえ、平日夜１９時に１名で伺いました
1099,エレベーターで６階に上がると綺麗な木の扉があり、開くと清潔感溢れるカウンターが広がっています
1100,おまかせ
1101,＋
1102,島根県宍道湖の天然鰻と新子を追加
1103,＋
1104,日本酒４合(手取川純米大吟醸、黒龍純米大吟醸、鄙願純米大吟醸、綿屋純米吟醸)
1105,合計￥39000
1106,おまかせの内容は提供順に以下のとおりです
1107,まずはおつまみから
1108,1
1109,枝豆と鱧2
1110,佐島の蛸3
1111,マコガレイとアラ4
1112,鮑5
1113,穴子の白焼き6
1114,鰹7
1115,(追加)島根県宍道湖の天然鰻続いて握り
1116,1
1117,スミイカ2
1118,鱚3
1119,赤身4
1120,中トロ5
1121,大トロ6
1122,コハダ7
1123,小柱8
1124,鯵9
1125,車海老10
1126,縞鰺11
1127,馬糞雲丹12
1128,(追加)新子13
1129,穴子そして玉でフィニッシュ
1130,特に天然鰻、鮑、縞鰺、穴子が絶品でした
1131,シャリの美味しさ、そして上質な素材の美味しさを心ゆくまで堪能させていただきました
1132,ご馳走様でした
1133,
1134,この日は東京でお友達と御飯会☆彡銀座近くにあるお寿司屋さんを予約してくれました〜☆楽しみ〜☆土地勘ないから友達に案内されました1人なら絶対にたどり着けないビル(^^;;ビルの6fある青空（はるたか）さんです♪友達にお店の名前を言われるまで
1135,あおぞらって思っていました(^^;;お店の方に案内されカウンターに着席‼︎ビールと冷酒を注文して乾杯します覚えている範囲で(^^;;はもたこ干しガレイアラ湯引き千葉県
1136,黒泡穴子の白焼き
1137,
1138,白イカキスマグロ
1139,トロ
1140,
1141,こはだホタテ柱アジエビイワシシマアジ穴子ホールでサービスされている方はグラスにお酒が無くてもスルー(^^;;大将は握りを提供してくださるのですが、一切握りのネタの説明はありません説明のないお寿司屋さんははじめてだったのでビックリです(>_<)無言でもいいですが
1142,常連さんに話しながらお顔も常連さんに向きながら握りを出されました(^^;;久々の休日に東京に遊びに来て高級お寿司屋さんでのお食事を楽しみしていたので残念です(ｰｰ;)本当は美味しかったのかもしれないけど残念な感じで全てのお料理が美味しく頂けませんでした(ｰｰ;)私自身もいい勉強になりました(*^^*)
1143,＜特徴＞◆すし善
1144,本店を経てすきやばし
1145,次郎で13年の修業後2006年に独立開業
1146,2016年6月移転◆シャリは2種類の米のブレンドで硬めの炊き上がり
1147,米酢と塩を強めに効かせている◆つまみ、握りと双方ブレなく全てが高水準移転したばかりの新生
1148,青空さんへとある鮨マニアなお方と伺いました
1149,結果として、想像を大きく上回る感動の夜となりました
1150,場所は銀座ど真ん中というよりほぼ新橋の時傳ビルの6階です
1151,ｌ字カウンターで凛とした空気
1152,格式高く、たまらない雰囲気です
1153,ご主人の青空さんも職人気質な部分も持ちつつ、お客さんをよく見られている素晴らしい職人さんですね
1154,非常に優しい握り方をされます
1155,今回はつまみ少な目、握り中心でお願いいたしました
1156,～梅酒ソーダ割り、花巻酔右衛門～■蛸桜煮そのままでも、塩を少し付けても美味しいです
1157,切り付けも綺麗です
1158,■枝豆■鱧繊細な薄造りです
1159,甘味、旨味が強めの出汁と混ぜながら頂きます
1160,■マコガレイとナガスクジラの尾の身三陸のマゴガレイとアイスランドのナガスクジラでどちらも非常に状態が良いです
1161,マコガレイの食感、ナガスクジラのパンチがあるが後に残らないところなど驚嘆に値します
1162,■千葉の黒鮑アサリの出汁でトロミをつけたもので頂きます
1163,塩気の強いアサリ餡に柔らかい黒鮑と素晴らしい組み合わせです
1164,～ここから握りに移ります～■真鯛こちらも状態が非常に良く、適度なクチュクチュ感が保たれています
1165,■アオリイカ安易に繊維質を切らず、ネットリと仕上げています
1166,■鱚昆布〆力強いシャリが引き立ちます
1167,■佐渡の赤身少し赤身特融の香りが強いかな～
1168,■中トロこれは悶絶級
1169,鮨マニアさんと思わず顔を見合わせます
1170,シャリとの相性抜群です
1171,とてもこの時期の中トロとは思えません
1172,店主の力量が感じられる一貫
1173,■大トロこちらも素晴らしいが中トロが勝ります
1174,鮪の後のあがり差し替えは鮨屋の力量を見る上で重要らしいです
1175,by鮨マニアさん勉強になりました
1176,
1177,■コハダ天草のコハダです
1178,この時期のコハダでここまでのクオリティーを保てるのって
1179,
1180,
1181,
1182,完敗の悶絶の一貫
1183,鮨マニアさんとまたまた顔を見合わせます
1184,(^_^;)雑味を感じずスパっと酸味と旨味がくる素晴らしさです
1185,■小柱シャリが引き立ってます
1186,■縞鰺上質の脂分のタネと酢と塩の立ったシャリとの戦いが口の中で行われます(笑)■車海老味噌の使い方がニクいです
1187,■カスゴスッキリ〆られています
1188,■赤貝
1189,閖上の独特の香りが口に運ぶ前から漂ってきます
1190,雑味無く、スッと身体に吸収される美味しさです
1191,■唐津赤雲丹最強です
1192,最強
1193,
1194,
1195,この赤雲丹は日本一
1196,
1197,■鰹強めの藁の香りですが、シャリがまた負けていません(笑)■穴子口溶けも素晴らしく且つ、トロトロじゃない仕事です
1198,ツメも強いがシャリが負けてないので高バランスです
1199,■玉芝海老と大和芋の玉です
1200,芝海老の臭みもなく、大和芋の粘度が出て素晴らしいとしか言いようの無い、上品な玉です
1201,■干瓢巻（追加）海苔の香りとシャリの強みが際立ちます
1202,しかしながら、巻物は2番手さんが巻かれているようで、仕上がりの雑さは否めません
1203,仕方がないことですが、ここまでが完璧だったのでもったいない印象でした
1204,"この内容で納得の￥30,000ちょっとでした"
1205,いや～、唯一無二の素晴らしいつまみと握りでした
1206,全てのタネが身体が無理せずスッと吸収されていきます
1207,
1208,酢が効いているシャリが好みな方は特にタネによってシャリの引き立ち方が変化するので、たまらないと思います
1209,鮨マニアさんとの鮨談議も楽しく、當店のバブリーな客層と比べるとだいぶ浮いてましたが、最高の夜でした(笑)
1210,個人的に日本屈指の米酢のシャリだと考える、こちら青空さん
1211,4年以上前に伺って以来、二度訪問しましたが、予約が取りにくくなり、予算的に更に上になったと言う噂を聞いて、かなり長い間訪問しておりませんでした
1212,いわば、思い出の中に生きる鮨店になっていた
1213,しかし、この度、お店が移転されたタイミングで嬉しいお誘いがあり、再訪する事に
1214,僭越ながら、最後にこちらを伺って以来、訪問した鮨店は100を超えます
1215,修行先のお店、すきやばし次郎さんにも訪問する機会を得ました
1216,そのような中、初心に戻る気持ちで頂き再認識しましたが、こちらは突出しております
1217,超個性的な米酢のシャリと、強い味わいのシャリに負けないタネのクオリティと仕事
1218,シャリとタネの一体感は極めて高く、唯一無二の味わいと魅力を鮮烈な輝きを以って提示してくれる
1219,34歳の若さですきやばしの三番手として活躍された後、独立されただけはあります
1220,(尚、一番手は勿論ゴッド小野二郎氏で、二番手は長男の小野禎一氏)昨今、赤酢のシャリが人気を高めている中、こちらは米酢のみ
1221,酢と塩を極めてアグレッシヴに用い、炊き加減も極硬
1222,口に入れた瞬間、驚いてしまうほどの際立った酸味と塩気です
1223,米は二種類を使用し、伝統通りの羽釜で営業時間中に何回も炊いている
1224,かつて、親方の高橋青空さんは鮨にとってシャリはどのくらい重要か
1225,との問に、「60％以上」と回答されていたと記憶しております
1226,食べ手の僕は70%くらいの割合でシャリを大切にしておりますが、鮨を食べ始めてまだ日が浅かった頃、親方のシャリへの思いこそ、自身のシャリへの認識を改める事となり、以降、シャリを意識的に吟味するようになりました
1227,久々に訪問した青空さんは鮮烈な輝きを帯びており、第一線の鮨店である事を再認識させてくれました
1228,独立されてから10年となる2016年の移転
1229,更なる進化が楽しみになり、季節を変えて訪問したいと強く思わされました
1230,ちなみに、移転先が日本屈指の赤酢のシャリであるとかみさんの至近とは面白いです(笑)この界隈で米酢と赤酢の最もラディカルな鮨を楽しめます
1231,この度は、酒肴は少なめで、握り中心で頂きました
1232,日本酒は一合のみ
1233,川村酒造店の酉与右衛門(よえもん)
1234,頂いた酒肴、握りは下記の通りです
1235,枝豆と蛸枝豆は香り高いものの、「えッ
1236,
1237,枝豆
1238,
1239,」と一瞬思ってしまう
1240,しかし、超高級な第一線の鮨店でありながら、初心を忘れぬ気持ちが込められているのでは
1241,と個人的に解釈
1242,蛸は佐島
1243,柔らか過ぎず、そこそこに食感を残し、香りを楽しませてくれる
1244,ブランド蛸と庶民的な枝豆の、遊び心のある取り合わせ
1245,鱧かなり細かく刻んでおり、鱧の旨味よりも出汁の旨味で食べさせる印象
1246,軽く利いた酢の酸味の塩梅に、こちらの酒肴の巧さを感じる
1247,真子鰈とナガスクジラの尾の身白眉
1248,いやはや、驚嘆
1249,真子鰈は極めて旨味が強く、香りも鮮烈
1250,ぷりっぷりな食感は、白身の悦楽にどっぷりと浸かる事が出来る
1251,昨今白身まで長時間寝かせたり熟成したりするが、本当に旨い白身はこうして頂くべき
1252,ナガスクジラの尾の身の刺し身も、希少性を超えて素晴らしい味わいを記憶させる
1253,ビシュッと溶ける上質な脂はクドいところが無く、淡にして玄妙
1254,鯨の香りを微塵の嫌味も無く楽しませつつ、軽くほのかな鉄の風味がキリッと引き締める
1255,産地は勿論国産ではなく、アイスランドとの事
1256,尚、山葵は産地を伺うのを失念したが、自然な甘みと香りを有し柔らかな辛みが持ち味
1257,蒸し鮑の餡掛け房州の黒鮑
1258,これもまた上質
1259,鮑は火入れが完璧で、包丁を細かく入れており、香り、旨味、歯切れの三拍子が揃っている
1260,餡には浅蜊を出汁に用い、特有の旨味(コハク酸)が滋味を与え、非常に面白い
1261,ややとろみの付け方が強く、雑味になっていた点がマイナス
1262,ガリシャキシャキしており、シャープな辛味があるが、甘みも強い点が特徴
1263,これはシャリや仕事とのバランスを取られているのだと思われる
1264,真鯛一貫目から、お造りの真子鰈に匹敵する印象を与えてくれる
1265,鯛固有の甘みが強い味わいのシャリと一体化
1266,このシャリに合う鯛とは、心底驚いた(一般論として、鮪に最も合うシャリは白身が苦手)
1267,朝から軽く寝かせたくらいか
1268,尚、前半戦、シャリの温度が気になった
1269,やや温度が低く、一体感を損ねるファクターになっていた
1270,しかし、途中からシャリを変えられたようで温度が少し上がった
1271,この辺りは徹底して頂きたい
1272,アオリイカごく細かく包丁を入れ、ねっとりとした甘みと食感がシャリと一体化
1273,僕は鮨では墨烏賊が好きだが、こちらのシャリとはアオリの方が合うかも
1274,と思わされる
1275,鱚昆布〆
1276,徹底的に強めに昆布を利かせており、食感は引き締まり、昆布のグルタミン酸も浸透している
1277,本来淡い持ち味の鱚ながらにシャリとあいまって、どっしりとした存在感を提示
1278,鮪赤身鮪は佐渡、100kgほど
1279,香りや鉄は夏鮪ならでは爽やかなものだが、やはり鮪はこちらのシャリに良く合う
1280,シャリと合わせる事で甘みが際立つ
1281,ただ、お弟子さんのお茶の差し替えのタイミングがなっていない
1282,鮪のタイミングでお茶を変えるのは定石
1283,鮪の強い風味、脂をサラッと流し、次に粋に接続するのが濃い目の粉茶の役割
1284,あまつさえ、温度もぬるかったが、次から補正されたので溜飲を下げる
1285,鮪中トロ圧巻の味わい
1286,一言で述べると、恍惚
1287,突き抜けるほどの甘みで、シャリの酸味と塩気が完全に合致
1288,鮪大トロねっとりした脂の大トロ
1289,シャリとのバランスでは中トロが上を行ったが、夏の鮪の面白さを十分感じさせてくれる
1290,小鰭圧巻の仕事
1291,これには、恐れ入った
1292,今は小鰭が最も弱い時期
1293,それにも関わらず、甘みと香りを強く引き立てつつ、小鰭特有のクセを消し去る〆の仕事
1294,かなり強めの〆加減だが、小鰭の魅力を全く損ねる事無く、むしろ小鰭を小鰭たらしめている
1295,シャリとのバランスにも目を瞠る
1296,個人的に、あらゆるお店の小鰭の中で、ベストか
1297,と思わされる仕事であった
1298,ちなみに、小鰭の産地は天草
1299,小柱軍艦海苔によってシャリが表情を変え、海苔の香りと旨味が小柱の甘みに寄り添う
1300,完璧な小鰭の後にかすまない、バランの良い軍艦
1301,縞鯵軽く漬けに
1302,甘みと脂が半端無し
1303,そして、上質な縞鯵と協奏するシャリ
1304,雄々しい印象を与える一貫
1305,車海老茹で上げで、温度はほんのり温かく、甘みをナチュラルに感じさせてくれる
1306,海老の味噌は濃厚で、軽い苦味も相まって印象深い味わい
1307,春子この季節、このタイミングで春子とは、マニア的に面白い
1308,笑これもまた強い〆加減で、車海老の甘みの後に一度リセットしてくれる
1309,赤貝口に運ぶ前から香りが鼻孔をくすぐり、舌に触れた瞬間に甘みが横溢する
1310,噛みしめると鮮烈な旨味がほとばしり、旨味の粒子たるや繊細かつ無尽蔵
1311,閖上の中でも特に上質なモノだと無条件で感じさせてくれる赤貝
1312,雲丹唐津の赤雲丹
1313,濃厚な甘みと蝦夷バフン雲丹よりも濃厚な食感が、シャープなシャリを抱擁する
1314,幸福な結婚
1315,鰹鰹は、すきやばしの看板の一つ
1316,藁火で炙っており、一般的に考えるとは強めの燻蒸香がたまらない
1317,すきやばしよりも強めに香りを付けている理由は明白で、シャリと合わせる為
1318,修行先の仕事を自身のシャリに合わせておられ、工夫を感じる
1319,ちなみに、生姜は乗せるのではなく噛ませているので、香りを強く感じさせず風味を楽しませる仕事
1320,穴子しっとりほろほろな穴子
1321,とろふわな煮穴子とは異なる食感で、これもまた抜群
1322,ほぼ全てのタネに対してシャリとのバランスに言及してきたが、最後まで抜かり無くシャリと合一させる仕事に感服した
1323,玉子芝海老と大和芋を使用
1324,ふんわり感がありつつ、みっちり、しっとりしており、上質
1325,すきやばしでは玉子を焼かせてもらえるまで10年掛かると言うが、長い修行の道のりの果てにある透徹した仕事を感じさせてもらった
1326,最近、有名人や実業家が「修行不要論」を提示し、アカデミーでの「効率的なトレーニング」で長い修行に勝ると言っているが、あのような言説は真っ当な舌を持っていない事の証左に他ならない
1327,干瓢巻き(追加)かなり強めに醤油を利かせ、食感をしっかり残した干瓢
1328,シャリの酸味、塩分と相まって、驚きを覚える干瓢(笑)ただ、二番手さんの手によるものだったが、シャリの空気含有率や切りつけの甘さが極めて無念
1329,酒肴に握り14貫、玉子、巻物半分を頂き、3万円ちょっと
1330,3万円と言う価格は当然高額ですが、頂いた感想としては妥当性が高い
1331,圧巻のタネのクオリティと仕事に払う価格としては高くはない
1332,価格は敬意と言い換えても良い
1333,最後に訪問してから値上げをされていると聞いておりましたが、さして気になりませんでした
1334,ただ、握りに対する満足度は極めて高いのですが、懸念される点は客層
1335,銀座の中でもバブリーな方が多い点は悩ましいです(笑)せめてもうちっと上品に食べてくれたらなァ
1336,と感じました
1337,本記事は下記のブログをベースに投稿しております
1338,http://edomae-sushi
1339,hatenablog
1340,com/
1341,鮨の新規開拓を目的に2月に数年ぶりに訪問したところ、素晴らしい出来だったので、鮨の師匠寺門ジモンさんをお連れして再訪問
1342,今回も期待を上回る素晴らしさで、大満足
1343,「すきやばし
1344,次郎」のお弟子さんの中で最も私の好みに合う鮨
1345,銀座という立地を反映した客層は独特で、価格的に安い店ではないが、今の東京の鮨を味わう上で外せない一軒
1346,＜2016年4月の訪問＞金目鯛の炙り、あん肝添えマコガレイ、鳥貝、蝦蛄浅蜊の出汁ハタ、ナガスクジラの尾の身：鯨の尾の身は、噛むと旨味が溢れ出す
1347,臭みや癖は全く感じられないので、目を瞑って口に入れられたら鯨とは分からないかも知れない
1348,上質な鮪をも超えかねない、傑出した一品
1349,琵琶湖産稚鮎鯛の子蒸し鮑以下握り
1350,泥障烏賊サヨリの昆布締め鮪の赤身中トロ大トロ小柱鯵海老：大ぶりの海老を使って握りを二つに切るのが、「すきやばし
1351,次郎」の系譜
1352,春子鯛ミル貝縞鰺大間産ムラサキウニ鯖赤貝イサキの炙り穴子：冷たい穴子は本来好みではないが、当店の穴子はそんな私でも納得せざるを得ないくらいに素晴らしい
1353,玉子焼き：中心部がレアでしっとりと焼き上がった玉子焼きは、上質なスフレかパンケーキを思わせる
1354,日本中の鮨屋の玉子焼きの中で、個人的にベスト
1355,
1356,2016年2月青空（はるたか）＠銀座（すきやばし次郎で13年の修業後に独立
1357,まもなく10年
1358,ミシュラン2015二つ星、2017一つ星）前回行った時に「青空に行ってつまみ食べないのは、行ったうちに入らな〜い」みたいなことを言われて、実際他の人が食べていたつまみが美味しそうすぎて心残りだったので短期間でのリピートとなった
1359,前回は一人
1360,今回は三人で
1361,つまみから行くと印象が変わるのと人数が違うと楽しみ方も変わる
1362,楽しすぎて写真を何枚か撮り忘れてしまった
1363,日本酒も結構飲んでしまった
1364,大将も時折、会話に入ってきてくれて楽しいひととき
1365,つまみの鮑は悶絶
1366,握りの海老は昇天
1367,穴子は絶頂
1368,シャリの酸味のメリハリが面白い
1369,同じシャリなのに起伏が大きい
1370,タネとのマリアージュだ
1371,80人くらい集まったｂｂｑに一緒だったことを覚えていてくれた
1372,すごい記憶力
1373,地味なオデコなのに
1374,そんなこともあり、通いたいのだがザギンの敷居は高いのだ
1375,
1376,
1377,2015年11月ザギンのシースーは怖くてそんなに食べてない
1378,「一柳」「さわ田」「よしたけ」「かねさか」「小笹寿し」「すし家」「鮨竹」「ほかけ」「ととや」「おのでら」「きよ田」「わたなべ」「久兵衛」「青木」「鈴木」あたりが宿題のまま残っている
1379,行ったことあるのは開眼させてくれた「水谷」、そして「すきやばし次郎」「たかはし」「太一」「いわ」くらいしかない
1380,このままではイカンだろ、ということで大物宿題の「青空」に行ってみた
1381,3日くらい前でも予約が取れた
1382,やっぱりザギンのシースーはドアを開けるまで緊張する
1383,満席で私が座る予定の所をちょうど片付けているところ
1384,そして「青空劇場」が始まった
1385,寿司はこうでなきゃ
1386,と思うくらい実に素晴らしい
1387,見事にどれもおいしい
1388,テンポ、雰囲気、活気、味の高低、シャリとネタの温度、流れ、接客、どれも文句なし
1389,同じシャリなのに酸味に強弱が感じられるのが面白い
1390,すきやばし次郎出身なのでその流れでの酸味の強さだが、それがハマる
1391,クセになる
1392,同じ出身の「ます田」ではそれが強すぎると感じたが再度食べに行ってみたくなった
1393,印象に残ったのは、まぐろ三連発からの小鰭の流れ
1394,薫製臭の強い鰹、車海老、驚くほどにうまかった蛸（蛸の握りでこんなに感動したのは初めてかも
1395,）、口の中が雲丹で満たされる軍艦、とろける穴子
1396,追加は「すし善」出身なのでトロタクにしてみた
1397,19貫と一巻でお腹も一杯
1398,（今回はこの後、仕事があるのでお酒とおつまみは我慢した）いや〜最近食べた中では満足度が一番
1399,
1400,思っていたよりつまみが多く、お酒が結構進みました
1401,変化球好きな私には、ストレート勝負が多くやや面白みに欠けましたが、これが銀座の王道でしょう
1402,銀座じゃ無くても良い私には、もう少しcpが良ければって思ってしまいますが、銀座だからしょうがないですね
1403,
1404,味は毎度の事ながら僕が言うのはおこがましいぐらい、おいしかったです
1405,ただ過去2回行った事があるのですが箸留め外したら、さっと片付けてくれたりトイレまできちんと案内してくれたりとかそういうのがなかったので少し残念でしたでも、おいしい　毎週行きたいな
1406,コスパはひどいお任せ、ビール2、日本酒3で48000ツマミはお酒に合うよう考えられているシャリは酢強めの硬めで超好みマグロは3種絶品アナゴもふかふかウニはちょっと冷たく、常温で食べたかった口コミにあるように店主がネタを言ってくれない事も無く、上から目線でもなく楽しい時間をすごせた
1407,ただ横のおっさんの持ち込みのシャンパンをいただくのはやめて頂きたかった
1408,
1409,"すきやばし二郎で修行された店主ミシュラン１つ星2018火曜夜17時-1週間前予約でいけましたおまかせ36,000円税込ハマグリのお吸い物メカジキクエと何か（忘れました）白アマダイサワラ（spanish"
1410,mackerel）フグの白子、スッポンのスープ（pufferfish
1411,milt）スミイカ（japanese
1412,spineless
1413,cuttlefish）サヨリ（halfbeak）マグロ赤身（tuna）中トロ大トロコハダハマグリサバ車海老カスゴウニ穴子玉子4割くらいが海外からのお客さんでした
1414,斬新さとかはなく王道をキッチリやるメニュー構成
1415,
1416,あまりに高名行けそうで中々伺う機会が無かった青空さんに初訪問
1417,イメージよりなが〜〜いカウンターに3人の握り手さん
1418,青空さんは一見無口ですが付かず離れずの距離感が絶妙で居心地良いです
1419,ツマミに始まり握りのおまかせです
1420,白子クエアワビなどのつまみが特に私好み握りも１点１点かシャリとネタのバランスが素晴らしく評価はおこがましく感じます
1421,銀座価格ではありますが納得です
1422,ごちそう様でした
1423,
1424,鮨青空、銀座にお邪魔しました
1425,
1426,すきやばし次郎とかで修行した大将
1427,
1428,まあ、でも、4点台は無理でした
1429,
1430,そんなにシャリも鮨と調合してなかってし、感動できるレベルでは無かった
1431,でも、まあ、まずいか美味しいかと言われたら、美味しかってし、良いですよね
1432,
1433,印象がすごく少なかったのは事実でふ
1434,
1435,東京2泊3日食の旅
1436,初日の夜
1437,銀座
1438,青空さんにお伺いしました
1439,店内満席で綺麗なお店です
1440,親方が男前で俳優さんのようでした
1441,親方にカメラを向けられませんでした
1442,お酒のアテからスタートです
1443,蛸
1444,鯛
1445,クエ
1446,甘鯛と蓮根のすり流し
1447,蒸し鮑
1448,
1449,鰆燻製
1450,ししゃも
1451,鰹
1452,あん肝
1453,全部美味しかったです
1454,握りのシャリは少し硬く酢が効いていてホロホロっとほどけていきます
1455,私好みです
1456,親方が握り、お弟子さんが段取りしていく、その流れが完璧でした
1457,東京の鮨は美味いですね
1458,
1459,お高い銀座の激戦お鮨でも五指に入る高評価のこちら
1460,大御所作家先生との食事会でしたが、さすがのグレードでなんと4時間も長居してしまい、日本酒もだいぶすすんで高級クラブ並みのお値段に
1461,
1462,広いキャパではないので早い時間から満席でその後もひっきりなし、21時過ぎでも外で入店待ちのアジア人観光客まで
1463,2週間前で個室が取れたのが幸運でした
1464,おまかせで次々と出てくるネタも接客も満足でき、個室もとてもいい雰囲気
1465,ご満悦いただけたようですがご接待使いに知っておくにはいいものの、なかなか伺えるものではありません
1466,
1467,秋の春空さん大粒の銀杏で始まり、蒸した毛蟹に土佐酢のジュレ鱧のお刺身に茸のスープ、松茸が入っていないのがまた良いです
1468,秋刀魚の肝焼き、平目のお刺身と炙ったカマス、蒸し鮑に鰹のタタキ、そして握りの数々
1469,日本酒も焼酎も、つまみや握りに合わせたラインナップ楽しい時間を過ごさせていただきました
1470,そうそう写真は、ご一緒させていただいた方にいただきました
1471,
1472,予約がなかなかとれず諦めていたら、たまたま接待相手の方が予約していて、先日初めて訪れてみました
1473,内装の感じと料理人の雰囲気に圧倒されながらおまかせでいただきましたが、食べログの皆様の感想と相違なく素晴らしいお店でした
1474,私はそんなに舌が肥えているわけではないので、ざっくりとしかわかりませんがお寿司の見た目も味も、料理人やスタッフの気配りもどれも素晴らしかったです
1475,個人的には醤油をがっつりつけるのが好みなのですが、せっかくなので素材の味と料理長の技を楽しむためにあえてそのままいただきました⭐️写真をパシャパシャ撮る勇気はなかったですが、またいつか来たいですね
1476,
1477,ダメ元で前日に予約すると20時半からなら
1478,と3回転するらしく、遅い時間なら比較的取りやすいそう
1479,つまみと握りor握りのみのコース設定、断然つまみも頂きます(*≧∀≦*)こちらはつまみが数種類からの握りに完全切り替わるスタイル
1480,今回はイカからつまみが始まり、イカから握りが始まりました
1481,つまみの中のヒットは鮑を出汁でたいたもの
1482,塩見が程よいとろみの出汁も残らず頂きます
1483,握りもテンポよく、まだかなーと感じることはありませんね
1484,このリズミカルな握りも、気持ちよく過ごせるポイントですよね
1485,穴子はこれ以上ないくらいフワッフワ
1486,口の中でとろけるんです、リアルに
1487,今日も宮城のお酒『綿屋』の純米吟醸で楽しみました♡夏も終わりなので今度は秋に食べに行きます
1488,
1489,７月の寿司巡り
1490,前から気になっていた青空に行って来ました
1491,握りのみと握り＋つまみから選べます
1492,今回は握りのみで頼みました
1493,ドリンクは3000円/本で持ち込み可能
1494,１本持ち込みました
1495,枝豆ほしがれい白いかキスシマアジ赤身中とろ大トロコハダ蒸し鮑アジ小柱車海老かすごとり貝カツオ穴子味は美味しい
1496,かなり濃いめの味付けが個人的にかなり好みです
1497,店内は常連客の方でいっぱい
1498,職人がたくさんいますが若いからか態度が若干微妙
1499,かなり高めのお店ですが機会があれば再訪しようと思います
1500,
1501,最近ミシュランの獲得している寿司屋さん、食べログアワードを獲得している寿司屋さんは予約困難になってると思います
1502,特に東京都内は
1503,前回予約を試みましたが、取れず今回取れたため伺いました
1504,ここのお寿司屋さんは一見さんであっても、大将が握ってくれます
1505,口数は少ない大将さんでありましたが、嬉しかったです
1506,寿司のクオリティは高く、とても美味しかったです
1507,今後も予約困難になるお店だと思います
1508,
1509,9月16日(金)17時～18時新しい店に移ってから初めての訪問
1510,トータル３回目、前回からはかなり日にちが経ちました
1511,新幹線の時間がギリギリだったので、握りのみ、お茶のみで一本勝負
1512,相変わらず超好みのシャリと極上の種たちで大満足
1513,お店も前より広くなり立派さが増しました
1514,１人客どおし、お隣の女性とも短い時間でしたが、仲良くお話ができ、とても楽しい時間を過ごせました
1515,ただ、前のお店の時より照明の関係か、自分の腕の無さか、写真がボケボケです
1516,・ヒラメ・スミイカ・マダイ・キス・赤身・中トロ・大トロ・コハダ・アワビ・アジ・赤貝・車エビ・シマアジ・イワシ・イクラ軍艦・ぶり・コバシラ軍艦・カツオ・ウニ軍艦・穴子・玉子
1517,おつまみからおまかせでいただきました
1518,蒸し鮑は柔らかく、ソースに肝が使われていないので、苦味もなく、口の中でふんわり広がりました
1519,鮪は赤身、中とろ、大とろの比較をいただきました
1520,海老も絶品
1521,きちんとした仕込みが伺えます
1522,どれもこれも絶品でした
1523,最後は巻物と赤出汁で締め
1524,と思ったら玉も食べたくなり、いただきました
1525,海外からのお客様も多く、最近の銀座のお寿司屋さんはアジア系の観光客が多いです
1526,
1527,移転してからは何度目だ
1528,青空さんは金継ぎした器もお使い
1529,それがまた愛着がわくし、味になって素敵なんだよなあ、と思いつつ
1530,いつも目の前に並ぶ器やグラスをこっそりと楽しんでおります
1531,
1532,
1533,笑さて本題
1534,とにかくこちらの酢飯がとっても好き
1535,口の中でほろりとほどけるあのお米ひと粒一粒が、う、うまい
1536,伺う時は握りおまかせで
1537,一通りのネタを食べたいんです
1538,
1539,
1540,(食い意地)蒸し蒸しジメジメの今日この頃
1541,ビールと手取川1合片手にいただきました
1542,まったりねっとり白烏賊、しっとりむっちりきす、脂のりのりとろーり鯵、つるりんしゃくしゃくとり貝、が特に美味しかった
1543,
1544,
1545,定番のやわやわ穴子とたまごは絶対
1546,最後は甘いので締め
1547,また伺います
1548,ごちそうさまでした
1549,(201706)
1550,新橋駅から徒歩３分、銀座コリドー街の雑居ビル６階にある高級なお寿司屋さん
1551,青空と書いてはるたかと読むそうです
1552,事前に予約して本日初めて訪問しました
1553,移転したてのようで店内はまだ内装が新しくとても綺麗でした
1554,この日は、おまかせコースを注文
1555,お料理は、小鉢、お刺身、酒肴、にぎりの順
1556,どのお料理も素材の良さもさることながら、それを引き出すご主人の腕前が最高に素晴らしく感動レベルの美味しさでした
1557,接客も細やかな心配りが随所に感じられとても感じが良かったです
1558,全てが上質、お値段は決してお安くないですが、たまの贅沢にぴったりのお店でした
1559,
1560,2017/4
1561,dinner高級カウンター鮨の2軒目
1562,今回は銀座の鮨青空に行ってきました
1563,ミシュランガイド1つ星
1564,グルメアプリテリヤキ掲載店
1565,予約困難店
1566,私などが行けるお店ではないのですが、常連様の鮨会に参加できました
1567,ｌ字カウンター席と個室があるようです
1568,入口近い壁際の席に
1569,大将の握っている姿がしっかり見れます
1570,オーラがあります
1571,程よいスピードで進んでいきます
1572,外国人観光客も多いです
1573,いや～旨かった
1574,一つ難点があると言えば、座った席の位置で鮨を置くお盆に照明が入り込んでしまい上手く撮影ができないという事でしょうか
1575,また行きたいなぁ
1576,
1577,正面に桜の小枝
1578,わーい花見だ
1579,青空さんが栄えます
1580,ヱビスビール
1581,摘で、
1582,菜花御浸、鼈スープ、細魚昆布〆鶉黄身和、蒸黒鮑、河豚散(白子、身、白皮、遠江国)、金目霙椀、白川の頭の煮付と骨湯
1583,割烹みたいです
1584,線維に平行な辛いガリ
1585,愈、握で、
1586,真羽太、煽烏賊、本鮪赤身、トロ、大トロ、小鰭、真鯵、赤貝、小柱(軍艦)、紫海胆(軍艦)、春子(血鯛)、〆鯖、大車海老(茹、味噌が瀞り)、煮穴子(詰)、玉子焼(芝海老、山芋でふんわり)、干瓢巻(山葵抜)
1587,粉茶
1588,見事な切口
1589,種の温度を、備前の小下駄で調節
1590,地紙
1591,艶かな姿
1592,軽い山葵
1593,米酢と塩が利いた固目の御飯が、口の中でパラリと解けます
1594,種に合わせて御飯の温度も調整してます
1595,神経が行き届いてます
1596,より清烈に美味しく感じました
1597,
1598,完璧です
1599,お寿司を食べるなら青空さんで決まりです
1600,とにかくうまい
1601,毎回、お寿司の良さを再認識させてくれます
1602,ネタとシャリのあの絶妙なバランス
1603,世界一だと思います
1604,時には美味しさに本気で感動を覚える程です
1605,とにかくうまい
1606,シャリがなんとかとかネタがなんとかとかそういう難しいことはいいのでとにかく食べてみてください
1607,もし他に同じレベルのお寿司を食べられるお店があれば教えてください
1608,無いと思いますが
1609,もちろん味だけではありません
1610,店内はとても洗練された雰囲気で清潔感があり気分をシュッとさせてくれます
1611,接客も丁寧で気取らずときには砕けることもあったりして毎回とても楽しいひとときを過ごさせてもらっています
1612,ありがとうございます
1613,
1614,最近は、何処の鮨屋もあまりかわらないと思ったりしてしまう
1615,通っているお店がみんな評価が高いって事も有るけれど、ネタが良ければ美味しいし、シャリとかが赤酢を使っていたり使ってなかったり、それぞれ好みの問題かなと想う此の頃です
1616,
1617,みんなでご飯を食べたところをまとめてみることにしましたゆっくりと更新していきますまた大昔のお店も記憶だけですがまとめていきますまた写真は撮らないことが多いので載せないと思います記憶と印象なので明確なお料理のイメージはないと思います
1618,して何度とお邪魔させて頂き美味しいなとは思いながらなかなかこのお店のお寿司が掴めずに来ていました今回は移転後初めての訪問でした移転したから
1619,なぜなんだろう今までと違う印象でしたこれまではお酢と塩を印象が強い酢飯でしたがこれまで以上に美味しい、、、バランスが取れたというのか丸くなったというかネタと酢飯の香りも素晴らしくとても充足した夜になりましたまた再訪するお店が増えてしまいました
1620,移転後も行ってまいりました
1621,非常に美味しかったです
1622,潔いというか、粋なんですよね
1623,ここのお寿司って
1624,食べててキリっとするんです
1625,素材も素晴らしいけど、きちんと仕事がなされてるんです
1626,ややお高いですが、まぁ仕方ない
1627,美味しいんだもん
1628,
1629,先日会社の同僚と3人でお邪魔しました
1630,今回で2回目
1631,相変わらず人気店ということもり満席
1632,希望した日に予約取るのも一苦労なのも納得
1633,店内は高級なお鮨屋さん
1634,といった感じ
1635,ネタの内容はやはり最高
1636,美味いの一言
1637,ただ、私の舌にはちょっとシャリの酢加減が強いような
1638,このお店のシャリはコレ
1639,なのでそれも含めて美味しいのは確か
1640,鮨はもちろん一品料理もこれまた美味い
1641,お酒の美味さも引き立ち、「日本酒と鮨」は不動のタッグだということを再認識
1642,料金については、安くはないが
1643,うん仕方ない
1644,仕事がんばるしかない
1645,一点気になったのは、場所柄銀座のお姉さまとの同伴客
1646,これは仕方ないのだが、気の利かない一部の女性が、鮨を台無しにする「香水」お店側はお客さんを選べないが、お鮨を頂く以上最低限のルールは守って
1647,って言いたい
1648,
1649,東京へ出張の時に取引先の会長さんに連れて行っていただきました
1650,ご飯を食べてこんなに緊張したのは始めてでした
1651,私がいつも行っているお寿司屋さんとは、なにもかも違いすぎる
1652,一流のお店に行くと勉強になることばかりです
1653,すべての料理の隅々まで気を遣われているんだろうな～っていうのが私でさえ感じました
1654,気遣いは料理だけでなく、空間にも
1655,うまく喩えれないのですが、舞台を拝見しているような
1656,素敵なお店に連れて行っていただけて感謝
1657,年に一回でも行きたい
1658,そんなお店です
1659,私も、もっとお作法を勉強します
1660,
1661,銀座のお鮨ミシュラン2つ星名店【すきやばし次郎】から独立し、銀座に店を構えた高橋青空さんの鮨店です銀座にしてはお値段が抑えめで今はおまかせコースのみ　40000円私が行った時は握りのみ　25000円があったから、そちらに赤酢を使ったお店が最近多いですが、こちらは米酢と塩が利いた固めの酢飯なんです2種類の米を使ってますネタにあわせてシャリの温度は微妙に調整シャリに負けないクオリティ高いネタとても好きになったお店長いカウンターでゆったりと隣との間隔は取ってます
1662,私は白ワインシャブリにしました▪️天然もずく▪️ガリ▪️真鯛▪️あおりいか▪️きす▪️いさき▪️赤身まぐろ▪️中とろ▪️大とろ▪️こはだ▪️小柱▪️しまあじ▪️車海老▪️かずこ▪️蒸しあわび▪️北海道のぱふんウニ▪️とり貝▪️かつお▪️穴子私のイチオシメニュー穴子では人生ナンバー１です▪️たまご芝海老と大和芋を使用もう一度あなごはお代わりしましたスッキリとしていて美味しかったです清潔感がありますよリピートしたいですよね江戸前の人気のお鮨のお店の中ではまだ予約は取れやすいです
1663,まさにザギンのシースー
1664,今回も夜遅くまで堪能
1665,お酒は今回は控えめにシャンパンと日本酒３種類（松本、弥右衛門
1666,きしょう、あとは新潟のお酒）
1667,まずはスッポンからサヨリの昆布締め、フグと最初から飛ばすアテの素晴らしさ
1668,こちらのアワビは毎回食べても飽きない
1669,なぜかホッとする
1670,瀬戸内以外でこんなに美味い鰆がいただけるのはここだけではないでしょうか
1671,あん肝も丁寧で上品な味付
1672,そして握りは安心の美味しさ
1673,やはり大将以下スタッフの呼吸も素晴らしい
1674,心地の良いお寿司屋さん
1675,
1676,本日は銀座青空（はるたか）
1677,これではるたかって読むんです
1678,高橋大将の本名です
1679,高橋大将はかの名店「すきやばし次郎」で修行を積んだ方
1680,この系譜は米酢の最高峰としても有名
1681,こちらの「すきやばし次郎」はミシュランガイド三つ星に輝き続けている
1682,そして、こちらの「青空」もミシュランガイド一つ星を獲得している
1683,
1684,本日はほとんど写真撮ってないです
1685,すみません
1686,
1687,
1688,お店は銀座コリドー街に面しており、ちょうど銀座と新橋の間くらい
1689,広いカウンターに4席の個室がある店内
1690,飾り付けのお花の向きまでこだわっている高橋さんのお鮨は本当に楽しみ
1691,・椀：甘鯛（佐島産）を軽く炙り、蛤の出汁で包み込む・クエ：クエ（仙崎産）は湯引きされており、おろしポン酢でさっぱりと
1692,・鮑：超肉厚
1693,昨今柔らかさ重視の方が多い中、しっかりといい歯ごたえが残る
1694,・小鰭：シンプルながら仕事は秀逸
1695,米酢との相性も◎・赤身・中トロ・穴子：ふっっっくら
1696,つまみから始まり握りへ移行
1697,総じて20品少々
1698,高橋大将の仕事はもちろんだが、素材の良さに感銘を受けた
1699,他の大将から後日話しを聞いたが、やはり高橋大将は築地でもかなりいいものを毎日買っているそう
1700,さすがです
1701,"【まとめ】■エリア：銀座・新橋■予算：35,000円（夜）■スタイル：つまみ→握り■大将：高橋様■大将出身：すきやばし次郎■シャリ：米酢■雰囲気：高級感を感じる私の評価（星5点満点）★★★★詳細写真付きで紹介中"
1702,鮨ブログやってますー
1703,https://sushi-navi
1704,com/
1705,前々から行きたくてしょうがなかったこのお店
1706,ようやく夢が叶いました
1707,ビールを飲みながら、おまかせでつまみを何品か出していただきます
1708,一品一品江戸前の醍醐味である仕事が施されて顔もにやけて来ます
1709,ある程度いただいたところで、お寿司を握っていただくことに
1710,スミイカ、コハダ、中トロ、大トロ、貝柱、バフンウニ、煮ハマグリ、煮アナゴ、赤貝、カスゴ、車エビなどなど
1711,シャリは酢が強いという口コミが散見されていますが、それよりも塩みが効いているのが独特でした
1712,スミイカなどネタによっては相性抜群ですが、最後の方はシャリの塩みばかりが気になって来てしまいました
1713,まあ、これはあくまで個人の感想ですが
1714,
1715,帰ってからものどか乾いてお茶飲みっぱなしです
1716,大将がお寿司を出す時にこちらの目も見ずにボソボソっと説明
1717,してくれるのですが正直聞こえません
1718,お弟子さんが補足するように言い直してくれるのがありがたかったです
1719,正面に座ってる常連さんとは楽しそうに話しながら、記念写真も撮ってましたけどね
1720,
1721,東京の有名店ですし覚悟はしていましたが、おまかせとビール一杯と日本酒2合で1人40000越えには少し引いてしまいました
1722,まあ、その辺りがこの界隈では相場なんでしょうけどね笑楽しみにし過ぎてハードル上げ過ぎてたのかもしれません
1723,個人の感想なのでご贔屓の方はお聞き流しを
1724,
1725,並木通りから移転し初めて訪れました
1726,聞くところによると、こちらの大将あのすきやばし次郎で修行された方ということ
1727,期待も高まります
1728,お店の雰囲気上、お写真なかなか撮るの躊躇われたので覚えているもののみ書きます
1729,まずは枝豆と茹でだこを塩で
1730,さっぱりから始まります
1731,そして鱧の湯引きを細く切ったものをポン酢などであえてわけぎを散らしたもの
1732,鱧の時期になると夏を感じます
1733,お刺身白身魚と鳥貝
1734,もう鳥貝のねっとりとした味がたまりません
1735,貝類大好きです
1736,クエの湯引き
1737,こちら大根おろしポン酢出いただきます
1738,黒鮑の蒸し物、あさりの餡掛け
1739,この黒鮑、とーっても柔らかくて美味しかったです
1740,あさりの餡もいい味加減でとても美味しく頂けました
1741,鰹のたたき、辛子醤油で
1742,辛子醤油ととても合うんですね
1743,いつも普通にタタキのタレとニンニクスライス、玉ねぎスライスで食べていたので驚きでした
1744,のどぐろの焼き、大根おろしポン酢に浸し
1745,のどぐろはパリっと焼かれていて脂がとても美味しかったです
1746,それをさっぱりといただけるようにたっぷりの大根おろしとポン酢に浸った状態で出てきました
1747,そして握り
1748,すべて美味しかったのですが、やはり中トロ、大トロは美味しかったです
1749,感動したのは雲丹
1750,こちら唐津の赤雲丹だそうで、よく見る軍艦ではなく、握りの状態で提供されました
1751,薄く醤油を塗って、塩を振りかけています
1752,食べると塩味がたって美味しかったてす
1753,またまた感動したのは穴子
1754,こちら対馬の穴子だそうで、甘いタレにふわっふわの穴子の身がとても美味しく感動しました
1755,どこの穴子よりも美味しかったです
1756,追加で巻物のコハダとガリ巻をお願いしました
1757,さっぱりと締められて最高でした
1758,こちらのお寿司の酢飯はしっとりとしておらず、どちらかというとパラパラ米がたっているような食感で、酢も効きすぎている訳でもなくふんわり香るような感じでとても美味しいです
1759,特徴的ですね
1760,ここの一連の皿はすべて手を加え過ぎることなく、素材の味を活かし、引き立てるものばかりでとてもさっぱりとどんどん頂けてしまいます
1761,お酒のお猪口やとっくりも一揃えで素晴らしく、次はどんなものが出てくるのかな、とどんどん頼んでしまいました
1762,笑またぜひ早めに予約を取ってお邪魔したいです
1763,
1764,奥さんが出産のため、１年間生ものを控えていたこともあり、出産がんばった＆ありがとう会で２人の大好物「鮨」に行くことに
1765,そこで選んだのが、ここ「青空」
1766,ずっと行きたかったお店のひとつ
1767,言わずと知れたすきやまばし次郎で修業された大将が独立したお店
1768,まずはつまみから
1769,奥様は母乳をあげなくてはならないので、大好きなお酒は我慢
1770,申し訳なく思いながらも、まずはビールでつまみから
1771,ひとつひとつの仕事に丁寧さとこだわりが感じられ、美味
1772,見た目から楽しめ、期待感もあがっていきます
1773,ひと通りつまんだあとに、にぎりへ
1774,ここから職人の妙を感じずにはいられない時間が始まりました
1775,ネタの新鮮さやうまさに関してはあらかじめわかっていたことですが、個性が強いシャリに驚き
1776,米の一粒、一粒が口のなかで踊ります
1777,空気がふくまれたシャリが口の中で酢の酸味を広がらせ、とがった感覚がありながらもネタとの融合が始まり、口の中で一体感を奏でる鮨
1778,シャリはかなり酢が強いため、好みはわかれるところだが、一度訪れる価値はあり
1779,
1780,今回は、ミシュラン２つ星⭐️⭐️『青空』さんにお伺い致しました
1781,『すきやばし次郎』さんから独立しした高橋青空さんのお店になります
1782,雰囲気は距離感が絶妙で居心地良かったです
1783,一品料理もどれも素材の味を大切にしていらっしゃる感じがした
1784,枝豆から穴子まで旨い
1785,鮨のシャリはとても美味しかった
1786,
1787,多分お寿司ってそれぞれの好みがあるのだと思います
1788,魚も熟成感が好きな人もいれば、そうでない人もいる
1789,何がって良い辛いですが、美味しかったが値段を考えると、また来るまでの感動はなかったと言うのが本音
1790,高くても感動出来たなら来るんだろうなぁ好みの問題なのか
1791,記憶に残る寿司ではなかったです
1792,お客様の回転のさせ方は凄いなって思いました
1793,
1794,お値段からもまー美味いのは前提
1795,その上でここはシャリのパンチ力が際立っていました
1796,いい意味で酸味があり、いい意味で少し固いシャリは熟成ネタの旨味を増していて他の寿司屋さんより記憶に残ってます
1797,接客も全体的によかったですが、若い店員さんは軽いです
1798,これはいい意味ではなく
1799,
1800,酷暑が続く中、新橋駅前で連れと待ち合わせ
1801,銀座八丁目方面へ歩くこと5〜6分
1802,とあるビルの6階に目指すお店はあった
1803,18時というのにカウンターはほぼ満席
1804,同伴が2組位、接待らしき方々が2組位
1805,我々は純然たる会食
1806,シャンパンで乾杯
1807,そして大将のおまかせで次から次へとおつまみが
1808,その内、日本酒へスイッチ、「手取川」を飲みながら、鱧、鮑、鰹、クエ、鰻
1809,と
1810,にぎりの前にほぼ満腹
1811,大トロ、新子、雲丹などなど
1812,長崎産の雲丹には驚嘆
1813,最後は玉子焼、ほぼカステラのお味
1814,あっという間の2時間半、超満腹・超満足でお店を後にする
1815,是非再訪したいと思う
1816,
1817,すきやばし次郎での経験を持つ実力派鮨
1818,12席のカウンターはピンと空気が貼り、ホールのサービス、対応、満足いく銀座の名店
1819,＜お店・お席＞ｌ字カウンター
1820,12席
1821,別で個室有
1822,＜お料理＞おまかせコースは税サ別で3万円くらいかな
1823,つまみが一通り出て、それから握り
1824,米酢の白いシャリで香り高い
1825,＜お値段＞ビール、つまみ１品追加、巻物１本追加、日本酒×3合で43000円
1826,久しぶりの訪問
1827,最近赤酢のシャリにハマってしまっているので、なかなか出向いてなかった
1828,ｔｈｅ
1829,江戸前鮨
1830,の根幹を思い出させてもらうことができた
1831,銀座の一等地で寿司
1832,となると、昔は本当にセレブや芸能人しか食べられなかったイメージがある
1833,鮨で３万
1834,
1835,
1836,とちゅうちょしていた時代は過ぎ、現在は３万の支払いだと安く感じる位にデフォルト値がおかしくなった時代なのね
1837,
1838,お、い、し、い、なー(tot)いか、マグロ、ウニ、あなご、なんだろう、、アイスクリームみたいに口の中でとけてしまう
1839,こはだ食べた時には何故だか涙が出てきた
1840,アジをこんなに美味しいと思ったことがありません
1841,感動のオンパレードです
1842,
1843,人生で1番美味しかったんじゃないかと思うほど、感動レベルでした
1844,シャリの硬さ、酢加減、大きさ、全てが完璧にヒットしました
1845,粒が一粒一粒立っていてパラパラ口の中でほどけるがしかし、決してばらつくのではなく、ネタときちんとマッチするシャリ(ねっとり系が好きな方はあれかな)が最高
1846,
1847,
1848,酢加減も、ネタを邪魔しない完璧な酢加減でした
1849,大好きなサヨリもあって、嬉しかったです
1850,ただ、忙しかったのかもしれませんが、大将とのコミュニケーションはほぼなかったのと、わりとぶっきらぼうに、ぼそっと小声でネタの名前だけ言って置いていくところが、ちょっとマイナスだったかな
1851,でもそれでも絶対にまた行きたいお寿司屋さんでした
1852,
1853,すきやばし次郎さんで修業された方のお店と友人に紹介されていきました
1854,外国人のお客さんが多かったです
1855,つまみと握りは、特筆したかんじではなかったです
1856,少しシャリの酢が僕には強かったです
1857,しょうがない事だとは思うんですが、外国人の方の香水が強くて、食欲がなくなりました
1858,元々、香水の匂いが苦手なので残念な気持ちになりました
1859,最後にでた、卵は焼き上がりがふっくらでとても美味しかったです
1860,また、違ったシチュエーションで行くと違うのかな
1861,
